secret,count
0,0
1,3
2,0
3,0
4,3
5,0
6,0
7,3
8,0
9,0
10,3
11,0
12,0
13,3
14,0
15,0
16,3
17,0
18,0
19,3
20,0
21,0
22,3
23,0
24,0
25,3
26,0
27,0
28,3
29,0
30,0
31,3
32,0
33,0
34,3
35,0
36,0
37,3
38,0
39,0
40,3
41,0
42,0
43,3
44,0
45,0
46,3
47,0
48,0
49,3
50,0
51,0
52,3
53,0
54,0
55,3
56,0
57,0
58,3
59,0
60,0
61,3
62,0
63,0
64,3
65,0
66,0
67,3
68,0
69,0
70,3
71,0
72,0
73,3
74,0
75,0
76,3
77,0
78,0
79,3
80,0
81,0
82,3
83,0
84,0
85,3
86,0
87,0
88,3
89,0
90,0
91,3
92,0
93,0
94,3
95,0
96,0
97,3
98,0
99,0
100,3
101,0
102,0
103,3
104,0
105,0
106,3
107,0
108,0
109,3
110,0
111,0
112,3
113,0
114,0
115,3
116,0
117,0
118,3
119,0
120,0
121,3
122,0
123,0
124,3
125,0
126,0
127,3
128,0
129,0
130,3
131,0
132,0
133,3
134,0
135,0
136,3
137,0
138,0
139,3
140,0
141,0
142,3
143,0
144,0
145,3
146,0
147,0
148,3
149,0
150,0
151,3
152,0
153,0
154,3
155,0
156,0
157,3
158,0
159,0
160,3
161,0
162,0
163,3
164,0
165,0
166,3
167,0
168,0
169,3
170,0
171,0
172,3
173,0
174,0
175,3
176,0
177,0
178,3
179,0
180,0
181,3
182,0
183,0
184,3
185,0
186,0
187,3
188,0
189,0
190,3
191,0
192,0
193,3
194,0
195,0
196,3
197,0
198,0
199,3
200,0
201,0
202,3
203,0
204,0
205,3
206,0
207,0
208,3
209,0
210,0
211,3
212,0
213,0
214,3
215,0
216,0
217,3
218,0
219,0
220,3
221,0
222,0
223,3
224,0
225,0
226,3
227,0
228,0
229,3
230,0
231,0
232,3
233,0
234,0
235,3
236,0
237,0
238,3
239,0
240,0
241,3
242,0
243,0
244,3
245,0
246,0
247,3
248,0
249,0
250,3
251,0
252,0
253,3
254,0
255,0
256,3
257,0
258,0
259,3
260,0
261,0
262,3
263,0
264,0
265,3
266,0
267,0
268,3
269,0
270,0
271,3
272,0
273,0
274,3
275,0
276,0
277,3
278,0
279,0
280,3
281,0
282,0
283,3
284,0
285,0
286,3
287,0
288,0
289,3
290,0
291,0
292,3
293,0
294,0
295,3
296,0
297,0
298,3
299,0
300,0
301,3
302,0
303,0
304,3
305,0
306,0
307,3
308,0
309,0
310,3
311,0
312,0
313,3
314,0
315,0
316,3
317,0
318,0
319,3
320,0
321,0
322,3
323,0
324,0
325,3
326,0
327,0
328,3
329,0
330,0
331,3
332,0
333,0
334,3
335,0
336,0
337,3
338,0
339,0
340,3
341,0
342,0
343,3
344,0
345,0
346,3
347,0
348,0
349,3
350,0
351,0
352,3
353,0
354,0
355,3
356,0
357,0
358,3
359,0
360,0
361,3
362,0
363,0
364,3
365,0
366,0
367,3
368,0
369,0
370,3
371,0
372,0
373,3
374,0
375,0
376,3
377,0
378,0
379,3
380,0
381,0
382,3
383,0
384,0
385,3
386,0
387,0
388,3
389,0
390,0
391,3
392,0
393,0
394,3
395,0
396,0
397,3
398,0
399,0
400,3
401,0
402,0
403,3
404,0
405,0
406,3
407,0
408,0
409,3
410,0
411,0
412,3
413,0
414,0
415,3
416,0
417,0
418,3
419,0
420,0
421,3
422,0
423,0
424,3
425,0
426,0
427,3
428,0
429,0
430,3
431,0
432,0
433,3
434,0
435,0
436,3
437,0
438,0
439,3
440,0
441,0
442,3
443,0
444,0
445,3
446,0
447,0
448,3
449,0
450,0
451,3
452,0
453,0
454,3
455,0
456,0
457,3
458,0
459,0
460,3
461,0
462,0
463,3
464,0
465,0
466,3
467,0
468,0
469,3
470,0
471,0
472,3
473,0
474,0
475,3
476,0
477,0
478,3
479,0
480,0
481,3
482,0
483,0
484,3
485,0
486,0
487,3
488,0
489,0
490,3
491,0
492,0
493,3
494,0
495,0
496,3
497,0
498,0
499,3
500,0
501,0
502,3
503,0
504,0
505,3
506,0
507,0
508,3
509,0
510,0
511,3
512,0
513,0
514,3
515,0
516,0
517,3
518,0
519,0
520,3
521,0
522,0
523,3
524,0
525,0
526,3
527,0
528,0
529,3
530,0
531,0
532,3
533,0
534,0
535,3
536,0
537,0
538,3
539,0
540,0
541,3
542,0
543,0
544,3
545,0
546,0
547,3
548,0
549,0
550,3
551,0
552,0
553,3
554,0
555,0
556,3
557,0
558,0
559,3
560,0
561,0
562,3
563,0
564,0
565,3
566,0
567,0
568,3
569,0
570,0
571,3
572,0
573,0
574,3
575,0
576,0
577,3
578,0
579,0
580,3
581,0
582,0
583,3
584,0
585,0
586,3
587,0
588,0
589,3
590,0
591,0
592,3
593,0
594,0
595,3
596,0
597,0
598,3
599,0
600,0
601,3
602,0
603,0
604,3
605,0
606,0
607,3
608,0
609,0
610,3
611,0
612,0
613,3
614,0
615,0
616,3
617,0
618,0
619,3
620,0
621,0
622,3
623,0
624,0
625,3
626,0
627,0
628,3
629,0
630,0
631,3
632,0
633,0
634,3
635,0
636,0
637,3
638,0
639,0
640,3
641,0
642,0
643,3
644,0
645,0
646,3
647,0
648,0
649,3
650,0
651,0
652,3
653,0
654,0
655,3
656,0
657,0
658,3
659,0
660,0
661,3
662,0
663,0
664,3
665,0
666,0
667,3
668,0
669,0
670,3
671,0
672,0
673,3
674,0
675,0
676,3
677,0
678,0
679,3
680,0
681,0
682,3
683,0
684,0
685,3
686,0
687,0
688,3
689,0
690,0
691,3
692,0
693,0
694,3
695,0
696,0
697,3
698,0
699,0
700,3
701,0
702,0
703,3
704,0
705,0
706,3
707,0
708,0
709,3
710,0
711,0
712,3
713,0
714,0
715,3
716,0
717,0
718,3
719,0
720,0
721,3
722,0
723,0
724,3
725,0
726,0
727,3
728,0
729,0
730,3
731,0
732,0
733,3
734,0
735,0
736,3
737,0
738,0
739,3
740,0
741,0
742,3
743,0
744,0
745,3
746,0
747,0
748,3
749,0
750,0
751,3
752,0
753,0
754,3
755,0
756,0
757,3
758,0
759,0
760,3
761,0
762,0
763,3
764,0
765,0
766,3
767,0
768,0
769,3
770,0
771,0
772,3
773,0
774,0
775,3
776,0
777,0
778,3
779,0
780,0
781,3
782,0
783,0
784,3
785,0
786,0
787,3
788,0
789,0
790,3
791,0
792,0
793,3
794,0
795,0
796,3
797,0
798,0
799,3
800,0
801,0
802,3
803,0
804,0
805,3
806,0
807,0
808,3
809,0
810,0
811,3
812,0
813,0
814,3
815,0
816,0
817,3
818,0
819,0
820,3
821,0
822,0
823,3
824,0
825,0
826,3
827,0
828,0
829,3
830,0
831,0
832,3
833,0
834,0
835,3
836,0
837,0
838,3
839,0
840,0
841,3
842,0
843,0
844,3
845,0
846,0
847,3
848,0
849,0
850,3
851,0
852,0
853,3
854,0
855,0
856,3
857,0
858,0
859,3
860,0
861,0
862,3
863,0
864,0
865,3
866,0
867,0
868,3
869,0
870,0
871,3
872,0
873,0
874,3
875,0
876,0
877,3
878,0
879,0
880,3
881,0
882,0
883,3
884,0
885,0
886,3
887,0
888,0
889,3
890,0
891,0
892,3
893,0
894,0
895,3
896,0
897,0
898,3
899,0
900,0
901,3
902,0
903,0
904,3
905,0
906,0
907,3
908,0
909,0
910,3
911,0
912,0
913,3
914,0
915,0
916,3
917,0
918,0
919,3
920,0
921,0
922,3
923,0
924,0
925,3
926,0
927,0
928,3
929,0
930,0
931,3
932,0
933,0
934,3
935,0
936,0
937,3
938,0
939,0
940,3
941,0
942,0
943,3
944,0
945,0
946,3
947,0
948,0
949,3
950,0
951,0
952,3
953,0
954,0
955,3
956,0
957,0
958,3
959,0
960,0
961,3
962,0
963,0
964,3
965,0
966,0
967,3
968,0
969,0
970,3
971,0
972,0
973,3
974,0
975,0
976,3
977,0
978,0
979,3
980,0
981,0
982,3
983,0
984,0
985,3
986,0
987,0
988,3
989,0
990,0
991,3
992,0
993,0
994,3
995,0
996,0
997,3
998,0
999,0
1000,3
1001,0
1002,0
1003,3
1004,0
1005,0
1006,3
1007,0
1008,0
1009,3
1010,0
1011,0
1012,3
1013,0
1014,0
1015,3
1016,0
1017,0
1018,3
1019,0
1020,0
1021,3
1022,0
1023,0
1024,3
1025,0
1026,0
1027,3
1028,0
1029,0
1030,3
1031,0
1032,0
1033,3
1034,0
1035,0
1036,3
1037,0
1038,0
1039,3
1040,0
1041,0
1042,3
1043,0
1044,0
1045,3
1046,0
1047,0
1048,3
1049,0
1050,0
1051,3
1052,0
1053,0
1054,3
1055,0
1056,0
1057,3
1058,0
1059,0
1060,3
1061,0
1062,0
1063,3
1064,0
1065,0
1066,3
1067,0
1068,0
1069,3
1070,0
1071,0
1072,3
1073,0
1074,0
1075,3
1076,0
1077,0
1078,3
1079,0
1080,0
1081,3
1082,0
1083,0
1084,3
1085,0
1086,0
1087,3
1088,0
1089,0
1090,3
1091,0
1092,0
1093,3
1094,0
1095,0
1096,3
1097,0
1098,0
1099,3
1100,0
1101,0
1102,3
1103,0
1104,0
1105,3
1106,0
1107,0
1108,3
1109,0
1110,0
1111,3
1112,0
1113,0
1114,3
1115,0
1116,0
1117,3
1118,0
1119,0
1120,3
1121,0
1122,0
1123,3
1124,0
1125,0
1126,3
1127,0
1128,0
1129,3
1130,0
1131,0
1132,3
1133,0
1134,0
1135,3
1136,0
1137,0
1138,3
1139,0
1140,0
1141,3
1142,0
1143,0
1144,3
1145,0
1146,0
1147,3
1148,0
1149,0
1150,3
1151,0
1152,0
1153,3
1154,0
1155,0
1156,3
1157,0
1158,0
1159,3
1160,0
1161,0
1162,3
1163,0
1164,0
1165,3
1166,0
1167,0
1168,3
1169,0
1170,0
1171,3
1172,0
1173,0
1174,3
1175,0
1176,0
1177,3
1178,0
1179,0
1180,3
1181,0
1182,0
1183,3
1184,0
1185,0
1186,3
1187,0
1188,0
1189,3
1190,0
1191,0
1192,3
1193,0
1194,0
1195,3
1196,0
1197,0
1198,3
1199,0
1200,0
1201,3
1202,0
1203,0
1204,3
1205,0
1206,0
1207,3
1208,0
1209,0
1210,3
1211,0
1212,0
1213,3
1214,0
1215,0
1216,3
1217,0
1218,0
1219,3
1220,0
1221,0
1222,3
1223,0
1224,0
1225,3
1226,0
1227,0
1228,3
1229,0
1230,0
1231,3
1232,0
1233,0
1234,3
1235,0
1236,0
1237,3
1238,0
1239,0
1240,3
1241,0
1242,0
1243,3
1244,0
1245,0
1246,3
1247,0
1248,0
1249,3
1250,0
1251,0
1252,3
1253,0
1254,0
1255,3
1256,0
1257,0
1258,3
1259,0
1260,0
1261,3
1262,0
1263,0
1264,3
1265,0
1266,0
1267,3
1268,0
1269,0
1270,3
1271,0
1272,0
1273,3
1274,0
1275,0
1276,3
1277,0
1278,0
1279,3
1280,0
1281,0
1282,3
1283,0
1284,0
1285,3
1286,0
1287,0
1288,3
1289,0
1290,0
1291,3
1292,0
1293,0
1294,3
1295,0
1296,0
1297,3
1298,0
1299,0
1300,3
1301,0
1302,0
1303,3
1304,0
1305,0
1306,3
1307,0
1308,0
1309,3
1310,0
1311,0
1312,3
1313,0
1314,0
1315,3
1316,0
1317,0
1318,3
1319,0
1320,0
1321,3
1322,0
1323,0
1324,3
1325,0
1326,0
1327,3
1328,0
1329,0
1330,3
1331,0
1332,0
1333,3
1334,0
1335,0
1336,3
1337,0
1338,0
1339,3
1340,0
1341,0
1342,3
1343,0
1344,0
1345,3
1346,0
1347,0
1348,3
1349,0
1350,0
1351,3
1352,0
1353,0
1354,3
1355,0
1356,0
1357,3
1358,0
1359,0
1360,3
1361,0
1362,0
1363,3
1364,0
1365,0
1366,3
1367,0
1368,0
1369,3
1370,0
1371,0
1372,3
1373,0
1374,0
1375,3
1376,0
1377,0
1378,3
1379,0
1380,0
1381,3
1382,0
1383,0
1384,3
1385,0
1386,0
1387,3
1388,0
1389,0
1390,3
1391,0
1392,0
1393,3
1394,0
1395,0
1396,3
1397,0
1398,0
1399,3
1400,0
1401,0
1402,3
1403,0
1404,0
1405,3
1406,0
1407,0
1408,3
1409,0
1410,0
1411,3
1412,0
1413,0
1414,3
1415,0
1416,0
1417,3
1418,0
1419,0
1420,3
1421,0
1422,0
1423,3
1424,0
1425,0
1426,3
1427,0
1428,0
1429,3
1430,0
1431,0
1432,3
1433,0
1434,0
1435,3
1436,0
1437,0
1438,3
1439,0
1440,0
1441,3
1442,0
1443,0
1444,3
1445,0
1446,0
1447,3
1448,0
1449,0
1450,3
1451,0
1452,0
1453,3
1454,0
1455,0
1456,3
1457,0
1458,0
1459,3
1460,0
1461,0
1462,3
1463,0
1464,0
1465,3
1466,0
1467,0
1468,3
1469,0
1470,0
1471,3
1472,0
1473,0
1474,3
1475,0
1476,0
1477,3
1478,0
1479,0
1480,3
1481,0
1482,0
1483,3
1484,0
1485,0
1486,3
1487,0
1488,0
1489,3
1490,0
1491,0
1492,3
1493,0
1494,0
1495,3
1496,0
1497,0
1498,3
1499,0
1500,0
1501,3
1502,0
1503,0
1504,3
1505,0
1506,0
1507,3
1508,0
1509,0
1510,3
1511,0
1512,0
1513,3
1514,0
1515,0
1516,3
1517,0
1518,0
1519,3
1520,0
1521,0
1522,3
1523,0
1524,0
1525,3
1526,0
1527,0
1528,3
1529,0
1530,0
1531,3
1532,0
1533,0
1534,3
1535,0
1536,0
1537,3
1538,0
1539,0
1540,3
1541,0
1542,0
1543,3
1544,0
1545,0
1546,3
1547,0
1548,0
1549,3
1550,0
1551,0
1552,3
1553,0
1554,0
1555,3
1556,0
1557,0
1558,3
1559,0
1560,0
1561,3
1562,0
1563,0
1564,3
1565,0
1566,0
1567,3
1568,0
1569,0
1570,3
1571,0
1572,0
1573,3
1574,0
1575,0
1576,3
1577,0
1578,0
1579,3
1580,0
1581,0
1582,3
1583,0
1584,0
1585,3
1586,0
1587,0
1588,3
1589,0
1590,0
1591,3
1592,0
1593,0
1594,3
1595,0
1596,0
1597,3
1598,0
1599,0
1600,3
1601,0
1602,0
1603,3
1604,0
1605,0
1606,3
1607,0
1608,0
1609,3
1610,0
1611,0
1612,3
1613,0
1614,0
1615,3
1616,0
1617,0
1618,3
1619,0
1620,0
1621,3
1622,0
1623,0
1624,3
1625,0
1626,0
1627,3
1628,0
1629,0
1630,3
1631,0
1632,0
1633,3
1634,0
1635,0
1636,3
1637,0
1638,0
1639,3
1640,0
1641,0
1642,3
1643,0
1644,0
1645,3
1646,0
1647,0
1648,3
1649,0
1650,0
1651,3
1652,0
1653,0
1654,3
1655,0
1656,0
1657,3
1658,0
1659,0
1660,3
1661,0
1662,0
1663,3
1664,0
1665,0
1666,3
1667,0
1668,0
1669,3
1670,0
1671,0
1672,3
1673,0
1674,0
1675,3
1676,0
1677,0
1678,3
1679,0
1680,0
1681,3
1682,0
1683,0
1684,3
1685,0
1686,0
1687,3
1688,0
1689,0
1690,3
1691,0
1692,0
1693,3
1694,0
1695,0
1696,3
1697,0
1698,0
1699,3
1700,0
1701,0
1702,3
1703,0
1704,0
1705,3
1706,0
1707,0
1708,3
1709,0
1710,0
1711,3
1712,0
1713,0
1714,3
1715,0
1716,0
1717,3
1718,0
1719,0
1720,3
1721,0
1722,0
1723,3
1724,0
1725,0
1726,3
1727,0
1728,0
1729,3
1730,0
1731,0
1732,3
1733,0
1734,0
1735,3
1736,0
1737,0
1738,3
1739,0
1740,0
1741,3
1742,0
1743,0
1744,3
1745,0
1746,0
1747,3
1748,0
1749,0
1750,3
1751,0
1752,0
1753,3
1754,0
1755,0
1756,3
1757,0
1758,0
1759,3
1760,0
1761,0
1762,3
1763,0
1764,0
1765,3
1766,0
1767,0
1768,3
1769,0
1770,0
1771,3
1772,0
1773,0
1774,3
1775,0
1776,0
1777,3
1778,0
1779,0
1780,3
1781,0
1782,0
1783,3
1784,0
1785,0
1786,3
1787,0
1788,0
1789,3
1790,0
1791,0
1792,3
1793,0
1794,0
1795,3
1796,0
1797,0
1798,3
1799,0
1800,0
1801,3
1802,0
1803,0
1804,3
1805,0
1806,0
1807,3
1808,0
1809,0
1810,3
1811,0
1812,0
1813,3
1814,0
1815,0
1816,3
1817,0
1818,0
1819,3
1820,0
1821,0
1822,3
1823,0
1824,0
1825,3
1826,0
1827,0
1828,3
1829,0
1830,0
1831,3
1832,0
1833,0
1834,3
1835,0
1836,0
1837,3
1838,0
1839,0
1840,3
1841,0
1842,0
1843,3
1844,0
1845,0
1846,3
1847,0
1848,0
1849,3
1850,0
1851,0
1852,3
1853,0
1854,0
1855,3
1856,0
1857,0
1858,3
1859,0
1860,0
1861,3
1862,0
1863,0
1864,3
1865,0
1866,0
1867,3
1868,0
1869,0
1870,3
1871,0
1872,0
1873,3
1874,0
1875,0
1876,3
1877,0
1878,0
1879,3
1880,0
1881,0
1882,3
1883,0
1884,0
1885,3
1886,0
1887,0
1888,3
1889,0
1890,0
1891,3
1892,0
1893,0
1894,3
1895,0
1896,0
1897,3
1898,0
1899,0
1900,3
1901,0
1902,0
1903,3
1904,0
1905,0
1906,3
1907,0
1908,0
1909,3
1910,0
1911,0
1912,3
1913,0
1914,0
1915,3
1916,0
1917,0
1918,3
1919,0
1920,0
1921,3
1922,0
1923,0
1924,3
1925,0
1926,0
1927,3
1928,0
1929,0
1930,3
1931,0
1932,0
1933,3
1934,0
1935,0
1936,3
1937,0
1938,0
1939,3
1940,0
1941,0
1942,3
1943,0
1944,0
1945,3
1946,0
1947,0
1948,3
1949,0
1950,0
1951,3
1952,0
1953,0
1954,3
1955,0
1956,0
1957,3
1958,0
1959,0
1960,3
1961,0
1962,0
1963,3
1964,0
1965,0
1966,3
1967,0
1968,0
1969,3
1970,0
1971,0
1972,3
1973,0
1974,0
1975,3
1976,0
1977,0
1978,3
1979,0
1980,0
1981,3
1982,0
1983,0
1984,3
1985,0
1986,0
1987,3
1988,0
1989,0
1990,3
1991,0
1992,0
1993,3
1994,0
1995,0
1996,3
1997,0
1998,0
1999,3
2000,0
2001,0
2002,3
2003,0
2004,0
2005,3
2006,0
2007,0
2008,3
2009,0
2010,0
2011,3
2012,0
2013,0
2014,3
2015,0
2016,0
2017,3
2018,0
2019,0
2020,3
2021,0
2022,0
2023,3
2024,0
2025,0
2026,3
2027,0
2028,0
2029,3
2030,0
2031,0
2032,3
2033,0
2034,0
2035,3
2036,0
2037,0
2038,3
2039,0
2040,0
2041,3
2042,0
2043,0
2044,3
2045,0
2046,0
2047,3
2048,0
2049,0
2050,3
2051,0
2052,0
2053,3
2054,0
2055,0
2056,3
2057,0
2058,0
2059,3
2060,0
2061,0
2062,3
2063,0
2064,0
2065,3
2066,0
2067,0
2068,3
2069,0
2070,0
2071,3
2072,0
2073,0
2074,3
2075,0
2076,0
2077,3
2078,0
2079,0
2080,3
2081,0
2082,0
2083,3
2084,0
2085,0
2086,3
2087,0
2088,0
2089,3
2090,0
2091,0
2092,3
2093,0
2094,0
2095,3
2096,0
2097,0
2098,3
2099,0
2100,0
2101,3
2102,0
2103,0
2104,3
2105,0
2106,0
2107,3
2108,0
2109,0
2110,3
2111,0
2112,0
2113,3
2114,0
2115,0
2116,3
2117,0
2118,0
2119,3
2120,0
2121,0
2122,3
2123,0
2124,0
2125,3
2126,0
2127,0
2128,3
2129,0
2130,0
2131,3
2132,0
2133,0
2134,3
2135,0
2136,0
2137,3
2138,0
2139,0
2140,3
2141,0
2142,0
2143,3
2144,0
2145,0
2146,3
2147,0
2148,0
2149,3
2150,0
2151,0
2152,3
2153,0
2154,0
2155,3
2156,0
2157,0
2158,3
2159,0
2160,0
2161,3
2162,0
2163,0
2164,3
2165,0
2166,0
2167,3
2168,0
2169,0
2170,3
2171,0
2172,0
2173,3
2174,0
2175,0
2176,3
2177,0
2178,0
2179,3
2180,0
2181,0
2182,3
2183,0
2184,0
2185,3
2186,0
2187,0
2188,3
2189,0
2190,0
2191,3
2192,0
2193,0
2194,3
2195,0
2196,0
2197,3
2198,0
2199,0
2200,3
2201,0
2202,0
2203,3
2204,0
2205,0
2206,3
2207,0
2208,0
2209,3
2210,0
2211,0
2212,3
2213,0
2214,0
2215,3
2216,0
2217,0
2218,3
2219,0
2220,0
2221,3
2222,0
2223,0
2224,3
2225,0
2226,0
2227,3
2228,0
2229,0
2230,3
2231,0
2232,0
2233,3
2234,0
2235,0
2236,3
2237,0
2238,0
2239,3
2240,0
2241,0
2242,3
2243,0
2244,0
2245,3
2246,0
2247,0
2248,3
2249,0
2250,0
2251,3
2252,0
2253,0
2254,3
2255,0
2256,0
2257,3
2258,0
2259,0
2260,3
2261,0
2262,0
2263,3
2264,0
2265,0
2266,3
2267,0
2268,0
2269,3
2270,0
2271,0
2272,3
2273,0
2274,0
2275,3
2276,0
2277,0
2278,3
2279,0
2280,0
2281,3
2282,0
2283,0
2284,3
2285,0
2286,0
2287,3
2288,0
2289,0
2290,3
2291,0
2292,0
2293,3
2294,0
2295,0
2296,3
2297,0
2298,0
2299,3
2300,0
2301,0
2302,3
2303,0
2304,0
2305,3
2306,0
2307,0
2308,3
2309,0
2310,0
2311,3
2312,0
2313,0
2314,3
2315,0
2316,0
2317,3
2318,0
2319,0
2320,3
2321,0
2322,0
2323,3
2324,0
2325,0
2326,3
2327,0
2328,0
2329,3
2330,0
2331,0
2332,3
2333,0
2334,0
2335,3
2336,0
2337,0
2338,3
2339,0
2340,0
2341,3
2342,0
2343,0
2344,3
2345,0
2346,0
2347,3
2348,0
2349,0
2350,3
2351,0
2352,0
2353,3
2354,0
2355,0
2356,3
2357,0
2358,0
2359,3
2360,0
2361,0
2362,3
2363,0
2364,0
2365,3
2366,0
2367,0
2368,3
2369,0
2370,0
2371,3
2372,0
2373,0
2374,3
2375,0
2376,0
2377,3
2378,0
2379,0
2380,3
2381,0
2382,0
2383,3
2384,0
2385,0
2386,3
2387,0
2388,0
2389,3
2390,0
2391,0
2392,3
2393,0
2394,0
2395,3
2396,0
2397,0
2398,3
2399,0
2400,0
2401,3
2402,0
2403,0
2404,3
2405,0
2406,0
2407,3
2408,0
2409,0
2410,3
2411,0
2412,0
2413,3
2414,0
2415,0
2416,3
2417,0
2418,0
2419,3
2420,0
2421,0
2422,3
2423,0
2424,0
2425,3
2426,0
2427,0
2428,3
2429,0
2430,0
2431,3
2432,0
2433,0
2434,3
2435,0
2436,0
2437,3
2438,0
2439,0
2440,3
2441,0
2442,0
2443,3
2444,0
2445,0
2446,3
2447,0
2448,0
2449,3
2450,0
2451,0
2452,3
2453,0
2454,0
2455,3
2456,0
2457,0
2458,3
2459,0
2460,0
2461,3
2462,0
2463,0
2464,3
2465,0
2466,0
2467,3
2468,0
2469,0
2470,3
2471,0
2472,0
2473,3
2474,0
2475,0
2476,3
2477,0
2478,0
2479,3
2480,0
2481,0
2482,3
2483,0
2484,0
2485,3
2486,0
2487,0
2488,3
2489,0
2490,0
2491,3
2492,0
2493,0
2494,3
2495,0
2496,0
2497,3
2498,0
2499,0
2500,3
2501,0
2502,0
2503,3
2504,0
2505,0
2506,3
2507,0
2508,0
2509,3
2510,0
2511,0
2512,3
2513,0
2514,0
2515,3
2516,0
2517,0
2518,3
2519,0
2520,0
2521,3
2522,0
2523,0
2524,3
2525,0
2526,0
2527,3
2528,0
2529,0
2530,3
2531,0
2532,0
2533,3
2534,0
2535,0
2536,3
2537,0
2538,0
2539,3
2540,0
2541,0
2542,3
2543,0
2544,0
2545,3
2546,0
2547,0
2548,3
2549,0
2550,0
2551,3
2552,0
2553,0
2554,3
2555,0
2556,0
2557,3
2558,0
2559,0
2560,3
2561,0
2562,0
2563,3
2564,0
2565,0
2566,3
2567,0
2568,0
2569,3
2570,0
2571,0
2572,3
2573,0
2574,0
2575,3
2576,0
2577,0
2578,3
2579,0
2580,0
2581,3
2582,0
2583,0
2584,3
2585,0
2586,0
2587,3
2588,0
2589,0
2590,3
2591,0
2592,0
2593,3
2594,0
2595,0
2596,3
2597,0
2598,0
2599,3
2600,0
2601,0
2602,3
2603,0
2604,0
2605,3
2606,0
2607,0
2608,3
2609,0
2610,0
2611,3
2612,0
2613,0
2614,3
2615,0
2616,0
2617,3
2618,0
2619,0
2620,3
2621,0
2622,0
2623,3
2624,0
2625,0
2626,3
2627,0
2628,0
2629,3
2630,0
2631,0
2632,3
2633,0
2634,0
2635,3
2636,0
2637,0
2638,3
2639,0
2640,0
2641,3
2642,0
2643,0
2644,3
2645,0
2646,0
2647,3
2648,0
2649,0
2650,3
2651,0
2652,0
2653,3
2654,0
2655,0
2656,3
2657,0
2658,0
2659,3
2660,0
2661,0
2662,3
2663,0
2664,0
2665,3
2666,0
2667,0
2668,3
2669,0
2670,0
2671,3
2672,0
2673,0
2674,3
2675,0
2676,0
2677,3
2678,0
2679,0
2680,3
2681,0
2682,0
2683,3
2684,0
2685,0
2686,3
2687,0
2688,0
2689,3
2690,0
2691,0
2692,3
2693,0
2694,0
2695,3
2696,0
2697,0
2698,3
2699,0
2700,0
2701,3
2702,0
2703,0
2704,3
2705,0
2706,0
2707,3
2708,0
2709,0
2710,3
2711,0
2712,0
2713,3
2714,0
2715,0
2716,3
2717,0
2718,0
2719,3
2720,0
2721,0
2722,3
2723,0
2724,0
2725,3
2726,0
2727,0
2728,3
2729,0
2730,0
2731,3
2732,0
2733,0
2734,3
2735,0
2736,0
2737,3
2738,0
2739,0
2740,3
2741,0
2742,0
2743,3
2744,0
2745,0
2746,3
2747,0
2748,0
2749,3
2750,0
2751,0
2752,3
2753,0
2754,0
2755,3
2756,0
2757,0
2758,3
2759,0
2760,0
2761,3
2762,0
2763,0
2764,3
2765,0
2766,0
2767,3
2768,0
2769,0
2770,3
2771,0
2772,0
2773,3
2774,0
2775,0
2776,3
2777,0
2778,0
2779,3
2780,0
2781,0
2782,3
2783,0
2784,0
2785,3
2786,0
2787,0
2788,3
2789,0
2790,0
2791,3
2792,0
2793,0
2794,3
2795,0
2796,0
2797,3
2798,0
2799,0
2800,3
2801,0
2802,0
2803,3
2804,0
2805,0
2806,3
2807,0
2808,0
2809,3
2810,0
2811,0
2812,3
2813,0
2814,0
2815,3
2816,0
2817,0
2818,3
2819,0
2820,0
2821,3
2822,0
2823,0
2824,3
2825,0
2826,0
2827,3
2828,0
2829,0
2830,3
2831,0
2832,0
2833,3
2834,0
2835,0
2836,3
2837,0
2838,0
2839,3
2840,0
2841,0
2842,3
2843,0
2844,0
2845,3
2846,0
2847,0
2848,3
2849,0
2850,0
2851,3
2852,0
2853,0
2854,3
2855,0
2856,0
2857,3
2858,0
2859,0
2860,3
2861,0
2862,0
2863,3
2864,0
2865,0
2866,3
2867,0
2868,0
2869,3
2870,0
2871,0
2872,3
2873,0
2874,0
2875,3
2876,0
2877,0
2878,3
2879,0
2880,0
2881,3
2882,0
2883,0
2884,3
2885,0
2886,0
2887,3
2888,0
2889,0
2890,3
2891,0
2892,0
2893,3
2894,0
2895,0
2896,3
2897,0
2898,0
2899,3
2900,0
2901,0
2902,3
2903,0
2904,0
2905,3
2906,0
2907,0
2908,3
2909,0
2910,0
2911,3
2912,0
2913,0
2914,3
2915,0
2916,0
2917,3
2918,0
2919,0
2920,3
2921,0
2922,0
2923,3
2924,0
2925,0
2926,3
2927,0
2928,0
2929,3
2930,0
2931,0
2932,3
2933,0
2934,0
2935,3
2936,0
2937,0
2938,3
2939,0
2940,0
2941,3
2942,0
2943,0
2944,3
2945,0
2946,0
2947,3
2948,0
2949,0
2950,3
2951,0
2952,0
2953,3
2954,0
2955,0
2956,3
2957,0
2958,0
2959,3
2960,0
2961,0
2962,3
2963,0
2964,0
2965,3
2966,0
2967,0
2968,3
2969,0
2970,0
2971,3
2972,0
2973,0
2974,3
2975,0
2976,0
2977,3
2978,0
2979,0
2980,3
2981,0
2982,0
2983,3
2984,0
2985,0
2986,3
2987,0
2988,0
2989,3
2990,0
2991,0
2992,3
2993,0
2994,0
2995,3
2996,0
2997,0
2998,3
2999,0
3000,0
3001,3
3002,0
3003,0
3004,3
3005,0
3006,0
3007,3
3008,0
3009,0
3010,3
3011,0
3012,0
3013,3
3014,0
3015,0
3016,3
3017,0
3018,0
3019,3
3020,0
3021,0
3022,3
3023,0
3024,0
3025,3
3026,0
3027,0
3028,3
3029,0
3030,0
3031,3
3032,0
3033,0
3034,3
3035,0
3036,0
3037,3
3038,0
3039,0
3040,3
3041,0
3042,0
3043,3
3044,0
3045,0
3046,3
3047,0
3048,0
3049,3
3050,0
3051,0
3052,3
3053,0
3054,0
3055,3
3056,0
3057,0
3058,3
3059,0
3060,0
3061,3
3062,0
3063,0
3064,3
3065,0
3066,0
3067,3
3068,0
3069,0
3070,3
3071,0
3072,0
3073,3
3074,0
3075,0
3076,3
3077,0
3078,0
3079,3
3080,0
3081,0
3082,3
3083,0
3084,0
3085,3
3086,0
3087,0
3088,3
3089,0
3090,0
3091,3
3092,0
3093,0
3094,3
3095,0
3096,0
3097,3
3098,0
3099,0
3100,3
3101,0
3102,0
3103,3
3104,0
3105,0
3106,3
3107,0
3108,0
3109,3
3110,0
3111,0
3112,3
3113,0
3114,0
3115,3
3116,0
3117,0
3118,3
3119,0
3120,0
3121,3
3122,0
3123,0
3124,3
3125,0
3126,0
3127,3
3128,0
3129,0
3130,3
3131,0
3132,0
3133,3
3134,0
3135,0
3136,3
3137,0
3138,0
3139,3
3140,0
3141,0
3142,3
3143,0
3144,0
3145,3
3146,0
3147,0
3148,3
3149,0
3150,0
3151,3
3152,0
3153,0
3154,3
3155,0
3156,0
3157,3
3158,0
3159,0
3160,3
3161,0
3162,0
3163,3
3164,0
3165,0
3166,3
3167,0
3168,0
3169,3
3170,0
3171,0
3172,3
3173,0
3174,0
3175,3
3176,0
3177,0
3178,3
3179,0
3180,0
3181,3
3182,0
3183,0
3184,3
3185,0
3186,0
3187,3
3188,0
3189,0
3190,3
3191,0
3192,0
3193,3
3194,0
3195,0
3196,3
3197,0
3198,0
3199,3
3200,0
3201,0
3202,3
3203,0
3204,0
3205,3
3206,0
3207,0
3208,3
3209,0
3210,0
3211,3
3212,0
3213,0
3214,3
3215,0
3216,0
3217,3
3218,0
3219,0
3220,3
3221,0
3222,0
3223,3
3224,0
3225,0
3226,3
3227,0
3228,0
3229,3
3230,0
3231,0
3232,3
3233,0
3234,0
3235,3
3236,0
3237,0
3238,3
3239,0
3240,0
3241,3
3242,0
3243,0
3244,3
3245,0
3246,0
3247,3
3248,0
3249,0
3250,3
3251,0
3252,0
3253,3
3254,0
3255,0
3256,3
3257,0
3258,0
3259,3
3260,0
3261,0
3262,3
3263,0
3264,0
3265,3
3266,0
3267,0
3268,3
3269,0
3270,0
3271,3
3272,0
3273,0
3274,3
3275,0
3276,0
3277,3
3278,0
3279,0
3280,3
3281,0
3282,0
3283,3
3284,0
3285,0
3286,3
3287,0
3288,0
3289,3
3290,0
3291,0
3292,3
3293,0
3294,0
3295,3
3296,0
3297,0
3298,3
3299,0
3300,0
3301,3
3302,0
3303,0
3304,3
3305,0
3306,0
3307,3
3308,0
3309,0
3310,3
3311,0
3312,0
3313,3
3314,0
3315,0
3316,3
3317,0
3318,0
3319,3
3320,0
3321,0
3322,3
3323,0
3324,0
3325,3
3326,0
3327,0
3328,3
3329,0
3330,0
3331,3
3332,0
3333,0
3334,3
3335,0
3336,0
3337,3
3338,0
3339,0
3340,3
3341,0
3342,0
3343,3
3344,0
3345,0
3346,3
3347,0
3348,0
3349,3
3350,0
3351,0
3352,3
3353,0
3354,0
3355,3
3356,0
3357,0
3358,3
3359,0
3360,0
3361,3
3362,0
3363,0
3364,3
3365,0
3366,0
3367,3
3368,0
3369,0
3370,3
3371,0
3372,0
3373,3
3374,0
3375,0
3376,3
3377,0
3378,0
3379,3
3380,0
3381,0
3382,3
3383,0
3384,0
3385,3
3386,0
3387,0
3388,3
3389,0
3390,0
3391,3
3392,0
3393,0
3394,3
3395,0
3396,0
3397,3
3398,0
3399,0
3400,3
3401,0
3402,0
3403,3
3404,0
3405,0
3406,3
3407,0
3408,0
3409,3
3410,0
3411,0
3412,3
3413,0
3414,0
3415,3
3416,0
3417,0
3418,3
3419,0
3420,0
3421,3
3422,0
3423,0
3424,3
3425,0
3426,0
3427,3
3428,0
3429,0
3430,3
3431,0
3432,0
3433,3
3434,0
3435,0
3436,3
3437,0
3438,0
3439,3
3440,0
3441,0
3442,3
3443,0
3444,0
3445,3
3446,0
3447,0
3448,3
3449,0
3450,0
3451,3
3452,0
3453,0
3454,3
3455,0
3456,0
3457,3
3458,0
3459,0
3460,3
3461,0
3462,0
3463,3
3464,0
3465,0
3466,3
3467,0
3468,0
3469,3
3470,0
3471,0
3472,3
3473,0
3474,0
3475,3
3476,0
3477,0
3478,3
3479,0
3480,0
3481,3
3482,0
3483,0
3484,3
3485,0
3486,0
3487,3
3488,0
3489,0
3490,3
3491,0
3492,0
3493,3
3494,0
3495,0
3496,3
3497,0
3498,0
3499,3
3500,0
3501,0
3502,3
3503,0
3504,0
3505,3
3506,0
3507,0
3508,3
3509,0
3510,0
3511,3
3512,0
3513,0
3514,3
3515,0
3516,0
3517,3
3518,0
3519,0
3520,3
3521,0
3522,0
3523,3
3524,0
3525,0
3526,3
3527,0
3528,0
3529,3
3530,0
3531,0
3532,3
3533,0
3534,0
3535,3
3536,0
3537,0
3538,3
3539,0
3540,0
3541,3
3542,0
3543,0
3544,3
3545,0
3546,0
3547,3
3548,0
3549,0
3550,3
3551,0
3552,0
3553,3
3554,0
3555,0
3556,3
3557,0
3558,0
3559,3
3560,0
3561,0
3562,3
3563,0
3564,0
3565,3
3566,0
3567,0
3568,3
3569,0
3570,0
3571,3
3572,0
3573,0
3574,3
3575,0
3576,0
3577,3
3578,0
3579,0
3580,3
3581,0
3582,0
3583,3
3584,0
3585,0
3586,3
3587,0
3588,0
3589,3
3590,0
3591,0
3592,3
3593,0
3594,0
3595,3
3596,0
3597,0
3598,3
3599,0
3600,0
3601,3
3602,0
3603,0
3604,3
3605,0
3606,0
3607,3
3608,0
3609,0
3610,3
3611,0
3612,0
3613,3
3614,0
3615,0
3616,3
3617,0
3618,0
3619,3
3620,0
3621,0
3622,3
3623,0
3624,0
3625,3
3626,0
3627,0
3628,3
3629,0
3630,0
3631,3
3632,0
3633,0
3634,3
3635,0
3636,0
3637,3
3638,0
3639,0
3640,3
3641,0
3642,0
3643,3
3644,0
3645,0
3646,3
3647,0
3648,0
3649,3
3650,0
3651,0
3652,3
3653,0
3654,0
3655,3
3656,0
3657,0
3658,3
3659,0
3660,0
3661,3
3662,0
3663,0
3664,3
3665,0
3666,0
3667,3
3668,0
3669,0
3670,3
3671,0
3672,0
3673,3
3674,0
3675,0
3676,3
3677,0
3678,0
3679,3
3680,0
3681,0
3682,3
3683,0
3684,0
3685,3
3686,0
3687,0
3688,3
3689,0
3690,0
3691,3
3692,0
3693,0
3694,3
3695,0
3696,0
3697,3
3698,0
3699,0
3700,3
3701,0
3702,0
3703,3
3704,0
3705,0
3706,3
3707,0
3708,0
3709,3
3710,0
3711,0
3712,3
3713,0
3714,0
3715,3
3716,0
3717,0
3718,3
3719,0
3720,0
3721,3
3722,0
3723,0
3724,3
3725,0
3726,0
3727,3
3728,0
3729,0
3730,3
3731,0
3732,0
3733,3
3734,0
3735,0
3736,3
3737,0
3738,0
3739,3
3740,0
3741,0
3742,3
3743,0
3744,0
3745,3
3746,0
3747,0
3748,3
3749,0
3750,0
3751,3
3752,0
3753,0
3754,3
3755,0
3756,0
3757,3
3758,0
3759,0
3760,3
3761,0
3762,0
3763,3
3764,0
3765,0
3766,3
3767,0
3768,0
3769,3
3770,0
3771,0
3772,3
3773,0
3774,0
3775,3
3776,0
3777,0
3778,3
3779,0
3780,0
3781,3
3782,0
3783,0
3784,3
3785,0
3786,0
3787,3
3788,0
3789,0
3790,3
3791,0
3792,0
3793,3
3794,0
3795,0
3796,3
3797,0
3798,0
3799,3
3800,0
3801,0
3802,3
3803,0
3804,0
3805,3
3806,0
3807,0
3808,3
3809,0
3810,0
3811,3
3812,0
3813,0
3814,3
3815,0
3816,0
3817,3
3818,0
3819,0
3820,3
3821,0
3822,0
3823,3
3824,0
3825,0
3826,3
3827,0
3828,0
3829,3
3830,0
3831,0
3832,3
3833,0
3834,0
3835,3
3836,0
3837,0
3838,3
3839,0
3840,0
3841,3
3842,0
3843,0
3844,3
3845,0
3846,0
3847,3
3848,0
3849,0
3850,3
3851,0
3852,0
3853,3
3854,0
3855,0
3856,3
3857,0
3858,0
3859,3
3860,0
3861,0
3862,3
3863,0
3864,0
3865,3
3866,0
3867,0
3868,3
3869,0
3870,0
3871,3
3872,0
3873,0
3874,3
3875,0
3876,0
3877,3
3878,0
3879,0
3880,3
3881,0
3882,0
3883,3
3884,0
3885,0
3886,3
3887,0
3888,0
3889,3
3890,0
3891,0
3892,3
3893,0
3894,0
3895,3
3896,0
3897,0
3898,3
3899,0
3900,0
3901,3
3902,0
3903,0
3904,3
3905,0
3906,0
3907,3
3908,0
3909,0
3910,3
3911,0
3912,0
3913,3
3914,0
3915,0
3916,3
3917,0
3918,0
3919,3
3920,0
3921,0
3922,3
3923,0
3924,0
3925,3
3926,0
3927,0
3928,3
3929,0
3930,0
3931,3
3932,0
3933,0
3934,3
3935,0
3936,0
3937,3
3938,0
3939,0
3940,3
3941,0
3942,0
3943,3
3944,0
3945,0
3946,3
3947,0
3948,0
3949,3
3950,0
3951,0
3952,3
3953,0
3954,0
3955,3
3956,0
3957,0
3958,3
3959,0
3960,0
3961,3
3962,0
3963,0
3964,3
3965,0
3966,0
3967,3
3968,0
3969,0
3970,3
3971,0
3972,0
3973,3
3974,0
3975,0
3976,3
3977,0
3978,0
3979,3
3980,0
3981,0
3982,3
3983,0
3984,0
3985,3
3986,0
3987,0
3988,3
3989,0
3990,0
3991,3
3992,0
3993,0
3994,3
3995,0
3996,0
3997,3
3998,0
3999,0
4000,3
4001,0
4002,0
4003,3
4004,0
4005,0
4006,3
4007,0
4008,0
4009,3
4010,0
4011,0
4012,3
4013,0
4014,0
4015,3
4016,0
4017,0
4018,3
4019,0
4020,0
4021,3
4022,0
4023,0
4024,3
4025,0
4026,0
4027,3
4028,0
4029,0
4030,3
4031,0
4032,0
4033,3
4034,0
4035,0
4036,3
4037,0
4038,0
4039,3
4040,0
4041,0
4042,3
4043,0
4044,0
4045,3
4046,0
4047,0
4048,3
4049,0
4050,0
4051,3
4052,0
4053,0
4054,3
4055,0
4056,0
4057,3
4058,0
4059,0
4060,3
4061,0
4062,0
4063,3
4064,0
4065,0
4066,3
4067,0
4068,0
4069,3
4070,0
4071,0
4072,3
4073,0
4074,0
4075,3
4076,0
4077,0
4078,3
4079,0
4080,0
4081,3
4082,0
4083,0
4084,3
4085,0
4086,0
4087,3
4088,0
4089,0
4090,3
4091,0
4092,0
4093,3
4094,0
4095,0
4096,3
4097,0
4098,0
4099,3
4100,0
4101,0
4102,3
4103,0
4104,0
4105,3
4106,0
4107,0
4108,3
4109,0
4110,0
4111,3
4112,0
4113,0
4114,3
4115,0
4116,0
4117,3
4118,0
4119,0
4120,3
4121,0
4122,0
4123,3
4124,0
4125,0
4126,3
4127,0
4128,0
4129,3
4130,0
4131,0
4132,3
4133,0
4134,0
4135,3
4136,0
4137,0
4138,3
4139,0
4140,0
4141,3
4142,0
4143,0
4144,3
4145,0
4146,0
4147,3
4148,0
4149,0
4150,3
4151,0
4152,0
4153,3
4154,0
4155,0
4156,3
4157,0
4158,0
4159,3
4160,0
4161,0
4162,3
4163,0
4164,0
4165,3
4166,0
4167,0
4168,3
4169,0
4170,0
4171,3
4172,0
4173,0
4174,3
4175,0
4176,0
4177,3
4178,0
4179,0
4180,3
4181,0
4182,0
4183,3
4184,0
4185,0
4186,3
4187,0
4188,0
4189,3
4190,0
4191,0
4192,3
4193,0
4194,0
4195,3
4196,0
4197,0
4198,3
4199,0
4200,0
4201,3
4202,0
4203,0
4204,3
4205,0
4206,0
4207,3
4208,0
4209,0
4210,3
4211,0
4212,0
4213,3
4214,0
4215,0
4216,3
4217,0
4218,0
4219,3
4220,0
4221,0
4222,3
4223,0
4224,0
4225,3
4226,0
4227,0
4228,3
4229,0
4230,0
4231,3
4232,0
4233,0
4234,3
4235,0
4236,0
4237,3
4238,0
4239,0
4240,3
4241,0
4242,0
4243,3
4244,0
4245,0
4246,3
4247,0
4248,0
4249,3
4250,0
4251,0
4252,3
4253,0
4254,0
4255,3
4256,0
4257,0
4258,3
4259,0
4260,0
4261,3
4262,0
4263,0
4264,3
4265,0
4266,0
4267,3
4268,0
4269,0
4270,3
4271,0
4272,0
4273,3
4274,0
4275,0
4276,3
4277,0
4278,0
4279,3
4280,0
4281,0
4282,3
4283,0
4284,0
4285,3
4286,0
4287,0
4288,3
4289,0
4290,0
4291,3
4292,0
4293,0
4294,3
4295,0
4296,0
4297,3
4298,0
4299,0
4300,3
4301,0
4302,0
4303,3
4304,0
4305,0
4306,3
4307,0
4308,0
4309,3
4310,0
4311,0
4312,3
4313,0
4314,0
4315,3
4316,0
4317,0
4318,3
4319,0
4320,0
4321,3
4322,0
4323,0
4324,3
4325,0
4326,0
4327,3
4328,0
4329,0
4330,3
4331,0
4332,0
4333,3
4334,0
4335,0
4336,3
4337,0
4338,0
4339,3
4340,0
4341,0
4342,3
4343,0
4344,0
4345,3
4346,0
4347,0
4348,3
4349,0
4350,0
4351,3
4352,0
4353,0
4354,3
4355,0
4356,0
4357,3
4358,0
4359,0
4360,3
4361,0
4362,0
4363,3
4364,0
4365,0
4366,3
4367,0
4368,0
4369,3
4370,0
4371,0
4372,3
4373,0
4374,0
4375,3
4376,0
4377,0
4378,3
4379,0
4380,0
4381,3
4382,0
4383,0
4384,3
4385,0
4386,0
4387,3
4388,0
4389,0
4390,3
4391,0
4392,0
4393,3
4394,0
4395,0
4396,3
4397,0
4398,0
4399,3
4400,0
4401,0
4402,3
4403,0
4404,0
4405,3
4406,0
4407,0
4408,3
4409,0
4410,0
4411,3
4412,0
4413,0
4414,3
4415,0
4416,0
4417,3
4418,0
4419,0
4420,3
4421,0
4422,0
4423,3
4424,0
4425,0
4426,3
4427,0
4428,0
4429,3
4430,0
4431,0
4432,3
4433,0
4434,0
4435,3
4436,0
4437,0
4438,3
4439,0
4440,0
4441,3
4442,0
4443,0
4444,3
4445,0
4446,0
4447,3
4448,0
4449,0
4450,3
4451,0
4452,0
4453,3
4454,0
4455,0
4456,3
4457,0
4458,0
4459,3
4460,0
4461,0
4462,3
4463,0
4464,0
4465,3
4466,0
4467,0
4468,3
4469,0
4470,0
4471,3
4472,0
4473,0
4474,3
4475,0
4476,0
4477,3
4478,0
4479,0
4480,3
4481,0
4482,0
4483,3
4484,0
4485,0
4486,3
4487,0
4488,0
4489,3
4490,0
4491,0
4492,3
4493,0
4494,0
4495,3
4496,0
4497,0
4498,3
4499,0
4500,0
4501,3
4502,0
4503,0
4504,3
4505,0
4506,0
4507,3
4508,0
4509,0
4510,3
4511,0
4512,0
4513,3
4514,0
4515,0
4516,3
4517,0
4518,0
4519,3
4520,0
4521,0
4522,3
4523,0
4524,0
4525,3
4526,0
4527,0
4528,3
4529,0
4530,0
4531,3
4532,0
4533,0
4534,3
4535,0
4536,0
4537,3
4538,0
4539,0
4540,3
4541,0
4542,0
4543,3
4544,0
4545,0
4546,3
4547,0
4548,0
4549,3
4550,0
4551,0
4552,3
4553,0
4554,0
4555,3
4556,0
4557,0
4558,3
4559,0
4560,0
4561,3
4562,0
4563,0
4564,3
4565,0
4566,0
4567,3
4568,0
4569,0
4570,3
4571,0
4572,0
4573,3
4574,0
4575,0
4576,3
4577,0
4578,0
4579,3
4580,0
4581,0
4582,3
4583,0
4584,0
4585,3
4586,0
4587,0
4588,3
4589,0
4590,0
4591,3
4592,0
4593,0
4594,3
4595,0
4596,0
4597,3
4598,0
4599,0
4600,3
4601,0
4602,0
4603,3
4604,0
4605,0
4606,3
4607,0
4608,0
4609,3
4610,0
4611,0
4612,3
4613,0
4614,0
4615,3
4616,0
4617,0
4618,3
4619,0
4620,0
4621,3
4622,0
4623,0
4624,3
4625,0
4626,0
4627,3
4628,0
4629,0
4630,3
4631,0
4632,0
4633,3
4634,0
4635,0
4636,3
4637,0
4638,0
4639,3
4640,0
4641,0
4642,3
4643,0
4644,0
4645,3
4646,0
4647,0
4648,3
4649,0
4650,0
4651,3
4652,0
4653,0
4654,3
4655,0
4656,0
4657,3
4658,0
4659,0
4660,3
4661,0
4662,0
4663,3
4664,0
4665,0
4666,3
4667,0
4668,0
4669,3
4670,0
4671,0
4672,3
4673,0
4674,0
4675,3
4676,0
4677,0
4678,3
4679,0
4680,0
4681,3
4682,0
4683,0
4684,3
4685,0
4686,0
4687,3
4688,0
4689,0
4690,3
4691,0
4692,0
4693,3
4694,0
4695,0
4696,3
4697,0
4698,0
4699,3
4700,0
4701,0
4702,3
4703,0
4704,0
4705,3
4706,0
4707,0
4708,3
4709,0
4710,0
4711,3
4712,0
4713,0
4714,3
4715,0
4716,0
4717,3
4718,0
4719,0
4720,3
4721,0
4722,0
4723,3
4724,0
4725,0
4726,3
4727,0
4728,0
4729,3
4730,0
4731,0
4732,3
4733,0
4734,0
4735,3
4736,0
4737,0
4738,3
4739,0
4740,0
4741,3
4742,0
4743,0
4744,3
4745,0
4746,0
4747,3
4748,0
4749,0
4750,3
4751,0
4752,0
4753,3
4754,0
4755,0
4756,3
4757,0
4758,0
4759,3
4760,0
4761,0
4762,3
4763,0
4764,0
4765,3
4766,0
4767,0
4768,3
4769,0
4770,0
4771,3
4772,0
4773,0
4774,3
4775,0
4776,0
4777,3
4778,0
4779,0
4780,3
4781,0
4782,0
4783,3
4784,0
4785,0
4786,3
4787,0
4788,0
4789,3
4790,0
4791,0
4792,3
4793,0
4794,0
4795,3
4796,0
4797,0
4798,3
4799,0
4800,0
4801,3
4802,0
4803,0
4804,3
4805,0
4806,0
4807,3
4808,0
4809,0
4810,3
4811,0
4812,0
4813,3
4814,0
4815,0
4816,3
4817,0
4818,0
4819,3
4820,0
4821,0
4822,3
4823,0
4824,0
4825,3
4826,0
4827,0
4828,3
4829,0
4830,0
4831,3
4832,0
4833,0
4834,3
4835,0
4836,0
4837,3
4838,0
4839,0
4840,3
4841,0
4842,0
4843,3
4844,0
4845,0
4846,3
4847,0
4848,0
4849,3
4850,0
4851,0
4852,3
4853,0
4854,0
4855,3
4856,0
4857,0
4858,3
4859,0
4860,0
4861,3
4862,0
4863,0
4864,3
4865,0
4866,0
4867,3
4868,0
4869,0
4870,3
4871,0
4872,0
4873,3
4874,0
4875,0
4876,3
4877,0
4878,0
4879,3
4880,0
4881,0
4882,3
4883,0
4884,0
4885,3
4886,0
4887,0
4888,3
4889,0
4890,0
4891,3
4892,0
4893,0
4894,3
4895,0
4896,0
4897,3
4898,0
4899,0
4900,3
4901,0
4902,0
4903,3
4904,0
4905,0
4906,3
4907,0
4908,0
4909,3
4910,0
4911,0
4912,3
4913,0
4914,0
4915,3
4916,0
4917,0
4918,3
4919,0
4920,0
4921,3
4922,0
4923,0
4924,3
4925,0
4926,0
4927,3
4928,0
4929,0
4930,3
4931,0
4932,0
4933,3
4934,0
4935,0
4936,3
4937,0
4938,0
4939,3
4940,0
4941,0
4942,3
4943,0
4944,0
4945,3
4946,0
4947,0
4948,3
4949,0
4950,0
4951,3
4952,0
4953,0
4954,3
4955,0
4956,0
4957,3
4958,0
4959,0
4960,3
4961,0
4962,0
4963,3
4964,0
4965,0
4966,3
4967,0
4968,0
4969,3
4970,0
4971,0
4972,3
4973,0
4974,0
4975,3
4976,0
4977,0
4978,3
4979,0
4980,0
4981,3
4982,0
4983,0
4984,3
4985,0
4986,0
4987,3
4988,0
4989,0
4990,3
4991,0
4992,0
4993,3
4994,0
4995,0
4996,3
4997,0
4998,0
4999,3
5000,0
5001,0
5002,3
5003,0
5004,0
5005,3
5006,0
5007,0
5008,3
5009,0
5010,0
5011,3
5012,0
5013,0
5014,3
5015,0
5016,0
5017,3
5018,0
5019,0
5020,3
5021,0
5022,0
5023,3
5024,0
5025,0
5026,3
5027,0
5028,0
5029,3
5030,0
5031,0
5032,3
5033,0
5034,0
5035,3
5036,0
5037,0
5038,3
5039,0
5040,0
5041,3
5042,0
5043,0
5044,3
5045,0
5046,0
5047,3
5048,0
5049,0
5050,3
5051,0
5052,0
5053,3
5054,0
5055,0
5056,3
5057,0
5058,0
5059,3
5060,0
5061,0
5062,3
5063,0
5064,0
5065,3
5066,0
5067,0
5068,3
5069,0
5070,0
5071,3
5072,0
5073,0
5074,3
5075,0
5076,0
5077,3
5078,0
5079,0
5080,3
5081,0
5082,0
5083,3
5084,0
5085,0
5086,3
5087,0
5088,0
5089,3
5090,0
5091,0
5092,3
5093,0
5094,0
5095,3
5096,0
5097,0
5098,3
5099,0
5100,0
5101,3
5102,0
5103,0
5104,3
5105,0
5106,0
5107,3
5108,0
5109,0
5110,3
5111,0
5112,0
5113,3
5114,0
5115,0
5116,3
5117,0
5118,0
5119,3
5120,0
5121,0
5122,3
5123,0
5124,0
5125,3
5126,0
5127,0
5128,3
5129,0
5130,0
5131,3
5132,0
5133,0
5134,3
5135,0
5136,0
5137,3
5138,0
5139,0
5140,3
5141,0
5142,0
5143,3
5144,0
5145,0
5146,3
5147,0
5148,0
5149,3
5150,0
5151,0
5152,3
5153,0
5154,0
5155,3
5156,0
5157,0
5158,3
5159,0
5160,0
5161,3
5162,0
5163,0
5164,3
5165,0
5166,0
5167,3
5168,0
5169,0
5170,3
5171,0
5172,0
5173,3
5174,0
5175,0
5176,3
5177,0
5178,0
5179,3
5180,0
5181,0
5182,3
5183,0
5184,0
5185,3
5186,0
5187,0
5188,3
5189,0
5190,0
5191,3
5192,0
5193,0
5194,3
5195,0
5196,0
5197,3
5198,0
5199,0
5200,3
5201,0
5202,0
5203,3
5204,0
5205,0
5206,3
5207,0
5208,0
5209,3
5210,0
5211,0
5212,3
5213,0
5214,0
5215,3
5216,0
5217,0
5218,3
5219,0
5220,0
5221,3
5222,0
5223,0
5224,3
5225,0
5226,0
5227,3
5228,0
5229,0
5230,3
5231,0
5232,0
5233,3
5234,0
5235,0
5236,3
5237,0
5238,0
5239,3
5240,0
5241,0
5242,3
5243,0
5244,0
5245,3
5246,0
5247,0
5248,3
5249,0
5250,0
5251,3
5252,0
5253,0
5254,3
5255,0
5256,0
5257,3
5258,0
5259,0
5260,3
5261,0
5262,0
5263,3
5264,0
5265,0
5266,3
5267,0
5268,0
5269,3
5270,0
5271,0
5272,3
5273,0
5274,0
5275,3
5276,0
5277,0
5278,3
5279,0
5280,0
5281,3
5282,0
5283,0
5284,3
5285,0
5286,0
5287,3
5288,0
5289,0
5290,3
5291,0
5292,0
5293,3
5294,0
5295,0
5296,3
5297,0
5298,0
5299,3
5300,0
5301,0
5302,3
5303,0
5304,0
5305,3
5306,0
5307,0
5308,3
5309,0
5310,0
5311,3
5312,0
5313,0
5314,3
5315,0
5316,0
5317,3
5318,0
5319,0
5320,3
5321,0
5322,0
5323,3
5324,0
5325,0
5326,3
5327,0
5328,0
5329,3
5330,0
5331,0
5332,3
5333,0
5334,0
5335,3
5336,0
5337,0
5338,3
5339,0
5340,0
5341,3
5342,0
5343,0
5344,3
5345,0
5346,0
5347,3
5348,0
5349,0
5350,3
5351,0
5352,0
5353,3
5354,0
5355,0
5356,3
5357,0
5358,0
5359,3
5360,0
5361,0
5362,3
5363,0
5364,0
5365,3
5366,0
5367,0
5368,3
5369,0
5370,0
5371,3
5372,0
5373,0
5374,3
5375,0
5376,0
5377,3
5378,0
5379,0
5380,3
5381,0
5382,0
5383,3
5384,0
5385,0
5386,3
5387,0
5388,0
5389,3
5390,0
5391,0
5392,3
5393,0
5394,0
5395,3
5396,0
5397,0
5398,3
5399,0
5400,0
5401,3
5402,0
5403,0
5404,3
5405,0
5406,0
5407,3
5408,0
5409,0
5410,3
5411,0
5412,0
5413,3
5414,0
5415,0
5416,3
5417,0
5418,0
5419,3
5420,0
5421,0
5422,3
5423,0
5424,0
5425,3
5426,0
5427,0
5428,3
5429,0
5430,0
5431,3
5432,0
5433,0
5434,3
5435,0
5436,0
5437,3
5438,0
5439,0
5440,3
5441,0
5442,0
5443,3
5444,0
5445,0
5446,3
5447,0
5448,0
5449,3
5450,0
5451,0
5452,3
5453,0
5454,0
5455,3
5456,0
5457,0
5458,3
5459,0
5460,0
5461,3
5462,0
5463,0
5464,3
5465,0
5466,0
5467,3
5468,0
5469,0
5470,3
5471,0
5472,0
5473,3
5474,0
5475,0
5476,3
5477,0
5478,0
5479,3
5480,0
5481,0
5482,3
5483,0
5484,0
5485,3
5486,0
5487,0
5488,3
5489,0
5490,0
5491,3
5492,0
5493,0
5494,3
5495,0
5496,0
5497,3
5498,0
5499,0
5500,3
5501,0
5502,0
5503,3
5504,0
5505,0
5506,3
5507,0
5508,0
5509,3
5510,0
5511,0
5512,3
5513,0
5514,0
5515,3
5516,0
5517,0
5518,3
5519,0
5520,0
5521,3
5522,0
5523,0
5524,3
5525,0
5526,0
5527,3
5528,0
5529,0
5530,3
5531,0
5532,0
5533,3
5534,0
5535,0
5536,3
5537,0
5538,0
5539,3
5540,0
5541,0
5542,3
5543,0
5544,0
5545,3
5546,0
5547,0
5548,3
5549,0
5550,0
5551,3
5552,0
5553,0
5554,3
5555,0
5556,0
5557,3
5558,0
5559,0
5560,3
5561,0
5562,0
5563,3
5564,0
5565,0
5566,3
5567,0
5568,0
5569,3
5570,0
5571,0
5572,3
5573,0
5574,0
5575,3
5576,0
5577,0
5578,3
5579,0
5580,0
5581,3
5582,0
5583,0
5584,3
5585,0
5586,0
5587,3
5588,0
5589,0
5590,3
5591,0
5592,0
5593,3
5594,0
5595,0
5596,3
5597,0
5598,0
5599,3
5600,0
5601,0
5602,3
5603,0
5604,0
5605,3
5606,0
5607,0
5608,3
5609,0
5610,0
5611,3
5612,0
5613,0
5614,3
5615,0
5616,0
5617,3
5618,0
5619,0
5620,3
5621,0
5622,0
5623,3
5624,0
5625,0
5626,3
5627,0
5628,0
5629,3
5630,0
5631,0
5632,3
5633,0
5634,0
5635,3
5636,0
5637,0
5638,3
5639,0
5640,0
5641,3
5642,0
5643,0
5644,3
5645,0
5646,0
5647,3
5648,0
5649,0
5650,3
5651,0
5652,0
5653,3
5654,0
5655,0
5656,3
5657,0
5658,0
5659,3
5660,0
5661,0
5662,3
5663,0
5664,0
5665,3
5666,0
5667,0
5668,3
5669,0
5670,0
5671,3
5672,0
5673,0
5674,3
5675,0
5676,0
5677,3
5678,0
5679,0
5680,3
5681,0
5682,0
5683,3
5684,0
5685,0
5686,3
5687,0
5688,0
5689,3
5690,0
5691,0
5692,3
5693,0
5694,0
5695,3
5696,0
5697,0
5698,3
5699,0
5700,0
5701,3
5702,0
5703,0
5704,3
5705,0
5706,0
5707,3
5708,0
5709,0
5710,3
5711,0
5712,0
5713,3
5714,0
5715,0
5716,3
5717,0
5718,0
5719,3
5720,0
5721,0
5722,3
5723,0
5724,0
5725,3
5726,0
5727,0
5728,3
5729,0
5730,0
5731,3
5732,0
5733,0
5734,3
5735,0
5736,0
5737,3
5738,0
5739,0
5740,3
5741,0
5742,0
5743,3
5744,0
5745,0
5746,3
5747,0
5748,0
5749,3
5750,0
5751,0
5752,3
5753,0
5754,0
5755,3
5756,0
5757,0
5758,3
5759,0
5760,0
5761,3
5762,0
5763,0
5764,3
5765,0
5766,0
5767,3
5768,0
5769,0
5770,3
5771,0
5772,0
5773,3
5774,0
5775,0
5776,3
5777,0
5778,0
5779,3
5780,0
5781,0
5782,3
5783,0
5784,0
5785,3
5786,0
5787,0
5788,3
5789,0
5790,0
5791,3
5792,0
5793,0
5794,3
5795,0
5796,0
5797,3
5798,0
5799,0
5800,3
5801,0
5802,0
5803,3
5804,0
5805,0
5806,3
5807,0
5808,0
5809,3
5810,0
5811,0
5812,3
5813,0
5814,0
5815,3
5816,0
5817,0
5818,3
5819,0
5820,0
5821,3
5822,0
5823,0
5824,3
5825,0
5826,0
5827,3
5828,0
5829,0
5830,3
5831,0
5832,0
5833,3
5834,0
5835,0
5836,3
5837,0
5838,0
5839,3
5840,0
5841,0
5842,3
5843,0
5844,0
5845,3
5846,0
5847,0
5848,3
5849,0
5850,0
5851,3
5852,0
5853,0
5854,3
5855,0
5856,0
5857,3
5858,0
5859,0
5860,3
5861,0
5862,0
5863,3
5864,0
5865,0
5866,3
5867,0
5868,0
5869,3
5870,0
5871,0
5872,3
5873,0
5874,0
5875,3
5876,0
5877,0
5878,3
5879,0
5880,0
5881,3
5882,0
5883,0
5884,3
5885,0
5886,0
5887,3
5888,0
5889,0
5890,3
5891,0
5892,0
5893,3
5894,0
5895,0
5896,3
5897,0
5898,0
5899,3
5900,0
5901,0
5902,3
5903,0
5904,0
5905,3
5906,0
5907,0
5908,3
5909,0
5910,0
5911,3
5912,0
5913,0
5914,3
5915,0
5916,0
5917,3
5918,0
5919,0
5920,3
5921,0
5922,0
5923,3
5924,0
5925,0
5926,3
5927,0
5928,0
5929,3
5930,0
5931,0
5932,3
5933,0
5934,0
5935,3
5936,0
5937,0
5938,3
5939,0
5940,0
5941,3
5942,0
5943,0
5944,3
5945,0
5946,0
5947,3
5948,0
5949,0
5950,3
5951,0
5952,0
5953,3
5954,0
5955,0
5956,3
5957,0
5958,0
5959,3
5960,0
5961,0
5962,3
5963,0
5964,0
5965,3
5966,0
5967,0
5968,3
5969,0
5970,0
5971,3
5972,0
5973,0
5974,3
5975,0
5976,0
5977,3
5978,0
5979,0
5980,3
5981,0
5982,0
5983,3
5984,0
5985,0
5986,3
5987,0
5988,0
5989,3
5990,0
5991,0
5992,3
5993,0
5994,0
5995,3
5996,0
5997,0
5998,3
5999,0
6000,0
6001,3
6002,0
6003,0
6004,3
6005,0
6006,0
6007,3
6008,0
6009,0
6010,3
6011,0
6012,0
6013,3
6014,0
6015,0
6016,3
6017,0
6018,0
6019,3
6020,0
6021,0
6022,3
6023,0
6024,0
6025,3
6026,0
6027,0
6028,3
6029,0
6030,0
6031,3
6032,0
6033,0
6034,3
6035,0
6036,0
6037,3
6038,0
6039,0
6040,3
6041,0
6042,0
6043,3
6044,0
6045,0
6046,3
6047,0
6048,0
6049,3
6050,0
6051,0
6052,3
6053,0
6054,0
6055,3
6056,0
6057,0
6058,3
6059,0
6060,0
6061,3
6062,0
6063,0
6064,3
6065,0
6066,0
6067,3
6068,0
6069,0
6070,3
6071,0
6072,0
6073,3
6074,0
6075,0
6076,3
6077,0
6078,0
6079,3
6080,0
6081,0
6082,3
6083,0
6084,0
6085,3
6086,0
6087,0
6088,3
6089,0
6090,0
6091,3
6092,0
6093,0
6094,3
6095,0
6096,0
6097,3
6098,0
6099,0
6100,3
6101,0
6102,0
6103,3
6104,0
6105,0
6106,3
6107,0
6108,0
6109,3
6110,0
6111,0
6112,3
6113,0
6114,0
6115,3
6116,0
6117,0
6118,3
6119,0
6120,0
6121,3
6122,0
6123,0
6124,3
6125,0
6126,0
6127,3
6128,0
6129,0
6130,3
6131,0
6132,0
6133,3
6134,0
6135,0
6136,3
6137,0
6138,0
6139,3
6140,0
6141,0
6142,3
6143,0
6144,0
6145,3
6146,0
6147,0
6148,3
6149,0
6150,0
6151,3
6152,0
6153,0
6154,3
6155,0
6156,0
6157,3
6158,0
6159,0
6160,3
6161,0
6162,0
6163,3
6164,0
6165,0
6166,3
6167,0
6168,0
6169,3
6170,0
6171,0
6172,3
6173,0
6174,0
6175,3
6176,0
6177,0
6178,3
6179,0
6180,0
6181,3
6182,0
6183,0
6184,3
6185,0
6186,0
6187,3
6188,0
6189,0
6190,3
6191,0
6192,0
6193,3
6194,0
6195,0
6196,3
6197,0
6198,0
6199,3
6200,0
6201,0
6202,3
6203,0
6204,0
6205,3
6206,0
6207,0
6208,3
6209,0
6210,0
6211,3
6212,0
6213,0
6214,3
6215,0
6216,0
6217,3
6218,0
6219,0
6220,3
6221,0
6222,0
6223,3
6224,0
6225,0
6226,3
6227,0
6228,0
6229,3
6230,0
6231,0
6232,3
6233,0
6234,0
6235,3
6236,0
6237,0
6238,3
6239,0
6240,0
6241,3
6242,0
6243,0
6244,3
6245,0
6246,0
6247,3
6248,0
6249,0
6250,3
6251,0
6252,0
6253,3
6254,0
6255,0
6256,3
6257,0
6258,0
6259,3
6260,0
6261,0
6262,3
6263,0
6264,0
6265,3
6266,0
6267,0
6268,3
6269,0
6270,0
6271,3
6272,0
6273,0
6274,3
6275,0
6276,0
6277,3
6278,0
6279,0
6280,3
6281,0
6282,0
6283,3
6284,0
6285,0
6286,3
6287,0
6288,0
6289,3
6290,0
6291,0
6292,3
6293,0
6294,0
6295,3
6296,0
6297,0
6298,3
6299,0
6300,0
6301,3
6302,0
6303,0
6304,3
6305,0
6306,0
6307,3
6308,0
6309,0
6310,3
6311,0
6312,0
6313,3
6314,0
6315,0
6316,3
6317,0
6318,0
6319,3
6320,0
6321,0
6322,3
6323,0
6324,0
6325,3
6326,0
6327,0
6328,3
6329,0
6330,0
6331,3
6332,0
6333,0
6334,3
6335,0
6336,0
6337,3
6338,0
6339,0
6340,3
6341,0
6342,0
6343,3
6344,0
6345,0
6346,3
6347,0
6348,0
6349,3
6350,0
6351,0
6352,3
6353,0
6354,0
6355,3
6356,0
6357,0
6358,3
6359,0
6360,0
6361,3
6362,0
6363,0
6364,3
6365,0
6366,0
6367,3
6368,0
6369,0
6370,3
6371,0
6372,0
6373,3
6374,0
6375,0
6376,3
6377,0
6378,0
6379,3
6380,0
6381,0
6382,3
6383,0
6384,0
6385,3
6386,0
6387,0
6388,3
6389,0
6390,0
6391,3
6392,0
6393,0
6394,3
6395,0
6396,0
6397,3
6398,0
6399,0
6400,3
6401,0
6402,0
6403,3
6404,0
6405,0
6406,3
6407,0
6408,0
6409,3
6410,0
6411,0
6412,3
6413,0
6414,0
6415,3
6416,0
6417,0
6418,3
6419,0
6420,0
6421,3
6422,0
6423,0
6424,3
6425,0
6426,0
6427,3
6428,0
6429,0
6430,3
6431,0
6432,0
6433,3
6434,0
6435,0
6436,3
6437,0
6438,0
6439,3
6440,0
6441,0
6442,3
6443,0
6444,0
6445,3
6446,0
6447,0
6448,3
6449,0
6450,0
6451,3
6452,0
6453,0
6454,3
6455,0
6456,0
6457,3
6458,0
6459,0
6460,3
6461,0
6462,0
6463,3
6464,0
6465,0
6466,3
6467,0
6468,0
6469,3
6470,0
6471,0
6472,3
6473,0
6474,0
6475,3
6476,0
6477,0
6478,3
6479,0
6480,0
6481,3
6482,0
6483,0
6484,3
6485,0
6486,0
6487,3
6488,0
6489,0
6490,3
6491,0
6492,0
6493,3
6494,0
6495,0
6496,3
6497,0
6498,0
6499,3
6500,0
6501,0
6502,3
6503,0
6504,0
6505,3
6506,0
6507,0
6508,3
6509,0
6510,0
6511,3
6512,0
6513,0
6514,3
6515,0
6516,0
6517,3
6518,0
6519,0
6520,3
6521,0
6522,0
6523,3
6524,0
6525,0
6526,3
6527,0
6528,0
6529,3
6530,0
6531,0
6532,3
6533,0
6534,0
6535,3
6536,0
6537,0
6538,3
6539,0
6540,0
6541,3
6542,0
6543,0
6544,3
6545,0
6546,0
6547,3
6548,0
6549,0
6550,3
6551,0
6552,0
6553,3
6554,0
6555,0
6556,3
6557,0
6558,0
6559,3
6560,0
6561,0
6562,3
6563,0
6564,0
6565,3
6566,0
6567,0
6568,3
6569,0
6570,0
6571,3
6572,0
6573,0
6574,3
6575,0
6576,0
6577,3
6578,0
6579,0
6580,3
6581,0
6582,0
6583,3
6584,0
6585,0
6586,3
6587,0
6588,0
6589,3
6590,0
6591,0
6592,3
6593,0
6594,0
6595,3
6596,0
6597,0
6598,3
6599,0
6600,0
6601,3
6602,0
6603,0
6604,3
6605,0
6606,0
6607,3
6608,0
6609,0
6610,3
6611,0
6612,0
6613,3
6614,0
6615,0
6616,3
6617,0
6618,0
6619,3
6620,0
6621,0
6622,3
6623,0
6624,0
6625,3
6626,0
6627,0
6628,3
6629,0
6630,0
6631,3
6632,0
6633,0
6634,3
6635,0
6636,0
6637,3
6638,0
6639,0
6640,3
6641,0
6642,0
6643,3
6644,0
6645,0
6646,3
6647,0
6648,0
6649,3
6650,0
6651,0
6652,3
6653,0
6654,0
6655,3
6656,0
6657,0
6658,3
6659,0
6660,0
6661,3
6662,0
6663,0
6664,3
6665,0
6666,0
6667,3
6668,0
6669,0
6670,3
6671,0
6672,0
6673,3
6674,0
6675,0
6676,3
6677,0
6678,0
6679,3
6680,0
6681,0
6682,3
6683,0
6684,0
6685,3
6686,0
6687,0
6688,3
6689,0
6690,0
6691,3
6692,0
6693,0
6694,3
6695,0
6696,0
6697,3
6698,0
6699,0
6700,3
6701,0
6702,0
6703,3
6704,0
6705,0
6706,3
6707,0
6708,0
6709,3
6710,0
6711,0
6712,3
6713,0
6714,0
6715,3
6716,0
6717,0
6718,3
6719,0
6720,0
6721,3
6722,0
6723,0
6724,3
6725,0
6726,0
6727,3
6728,0
6729,0
6730,3
6731,0
6732,0
6733,3
6734,0
6735,0
6736,3
6737,0
6738,0
6739,3
6740,0
6741,0
6742,3
6743,0
6744,0
6745,3
6746,0
6747,0
6748,3
6749,0
6750,0
6751,3
6752,0
6753,0
6754,3
6755,0
6756,0
6757,3
6758,0
6759,0
6760,3
6761,0
6762,0
6763,3
6764,0
6765,0
6766,3
6767,0
6768,0
6769,3
6770,0
6771,0
6772,3
6773,0
6774,0
6775,3
6776,0
6777,0
6778,3
6779,0
6780,0
6781,3
6782,0
6783,0
6784,3
6785,0
6786,0
6787,3
6788,0
6789,0
6790,3
6791,0
6792,0
6793,3
6794,0
6795,0
6796,3
6797,0
6798,0
6799,3
6800,0
6801,0
6802,3
6803,0
6804,0
6805,3
6806,0
6807,0
6808,3
6809,0
6810,0
6811,3
6812,0
6813,0
6814,3
6815,0
6816,0
6817,3
6818,0
6819,0
6820,3
6821,0
6822,0
6823,3
6824,0
6825,0
6826,3
6827,0
6828,0
6829,3
6830,0
6831,0
6832,3
6833,0
6834,0
6835,3
6836,0
6837,0
6838,3
6839,0
6840,0
6841,3
6842,0
6843,0
6844,3
6845,0
6846,0
6847,3
6848,0
6849,0
6850,3
6851,0
6852,0
6853,3
6854,0
6855,0
6856,3
6857,0
6858,0
6859,3
6860,0
6861,0
6862,3
6863,0
6864,0
6865,3
6866,0
6867,0
6868,3
6869,0
6870,0
6871,3
6872,0
6873,0
6874,3
6875,0
6876,0
6877,3
6878,0
6879,0
6880,3
6881,0
6882,0
6883,3
6884,0
6885,0
6886,3
6887,0
6888,0
6889,3
6890,0
6891,0
6892,3
6893,0
6894,0
6895,3
6896,0
6897,0
6898,3
6899,0
6900,0
6901,3
6902,0
6903,0
6904,3
6905,0
6906,0
6907,3
6908,0
6909,0
6910,3
6911,0
6912,0
6913,3
6914,0
6915,0
6916,3
6917,0
6918,0
6919,3
6920,0
6921,0
6922,3
6923,0
6924,0
6925,3
6926,0
6927,0
6928,3
6929,0
6930,0
6931,3
6932,0
6933,0
6934,3
6935,0
6936,0
6937,3
6938,0
6939,0
6940,3
6941,0
6942,0
6943,3
6944,0
6945,0
6946,3
6947,0
6948,0
6949,3
6950,0
6951,0
6952,3
6953,0
6954,0
6955,3
6956,0
6957,0
6958,3
6959,0
6960,0
6961,3
6962,0
6963,0
6964,3
6965,0
6966,0
6967,3
6968,0
6969,0
6970,3
6971,0
6972,0
6973,3
6974,0
6975,0
6976,3
6977,0
6978,0
6979,3
6980,0
6981,0
6982,3
6983,0
6984,0
6985,3
6986,0
6987,0
6988,3
6989,0
6990,0
6991,3
6992,0
6993,0
6994,3
6995,0
6996,0
6997,3
6998,0
6999,0
7000,3
7001,0
7002,0
7003,3
7004,0
7005,0
7006,3
7007,0
7008,0
7009,3
7010,0
7011,0
7012,3
7013,0
7014,0
7015,3
7016,0
7017,0
7018,3
7019,0
7020,0
7021,3
7022,0
7023,0
7024,3
7025,0
7026,0
7027,3
7028,0
7029,0
7030,3
7031,0
7032,0
7033,3
7034,0
7035,0
7036,3
7037,0
7038,0
7039,3
7040,0
7041,0
7042,3
7043,0
7044,0
7045,3
7046,0
7047,0
7048,3
7049,0
7050,0
7051,3
7052,0
7053,0
7054,3
7055,0
7056,0
7057,3
7058,0
7059,0
7060,3
7061,0
7062,0
7063,3
7064,0
7065,0
7066,3
7067,0
7068,0
7069,3
7070,0
7071,0
7072,3
7073,0
7074,0
7075,3
7076,0
7077,0
7078,3
7079,0
7080,0
7081,3
7082,0
7083,0
7084,3
7085,0
7086,0
7087,3
7088,0
7089,0
7090,3
7091,0
7092,0
7093,3
7094,0
7095,0
7096,3
7097,0
7098,0
7099,3
7100,0
7101,0
7102,3
7103,0
7104,0
7105,3
7106,0
7107,0
7108,3
7109,0
7110,0
7111,3
7112,0
7113,0
7114,3
7115,0
7116,0
7117,3
7118,0
7119,0
7120,3
7121,0
7122,0
7123,3
7124,0
7125,0
7126,3
7127,0
7128,0
7129,3
7130,0
7131,0
7132,3
7133,0
7134,0
7135,3
7136,0
7137,0
7138,3
7139,0
7140,0
7141,3
7142,0
7143,0
7144,3
7145,0
7146,0
7147,3
7148,0
7149,0
7150,3
7151,0
7152,0
7153,3
7154,0
7155,0
7156,3
7157,0
7158,0
7159,3
7160,0
7161,0
7162,3
7163,0
7164,0
7165,3
7166,0
7167,0
7168,3
7169,0
7170,0
7171,3
7172,0
7173,0
7174,3
7175,0
7176,0
7177,3
7178,0
7179,0
7180,3
7181,0
7182,0
7183,3
7184,0
7185,0
7186,3
7187,0
7188,0
7189,3
7190,0
7191,0
7192,3
7193,0
7194,0
7195,3
7196,0
7197,0
7198,3
7199,0
7200,0
7201,3
7202,0
7203,0
7204,3
7205,0
7206,0
7207,3
7208,0
7209,0
7210,3
7211,0
7212,0
7213,3
7214,0
7215,0
7216,3
7217,0
7218,0
7219,3
7220,0
7221,0
7222,3
7223,0
7224,0
7225,3
7226,0
7227,0
7228,3
7229,0
7230,0
7231,3
7232,0
7233,0
7234,3
7235,0
7236,0
7237,3
7238,0
7239,0
7240,3
7241,0
7242,0
7243,3
7244,0
7245,0
7246,3
7247,0
7248,0
7249,3
7250,0
7251,0
7252,3
7253,0
7254,0
7255,3
7256,0
7257,0
7258,3
7259,0
7260,0
7261,3
7262,0
7263,0
7264,3
7265,0
7266,0
7267,3
7268,0
7269,0
7270,3
7271,0
7272,0
7273,3
7274,0
7275,0
7276,3
7277,0
7278,0
7279,3
7280,0
7281,0
7282,3
7283,0
7284,0
7285,3
7286,0
7287,0
7288,3
7289,0
7290,0
7291,3
7292,0
7293,0
7294,3
7295,0
7296,0
7297,3
7298,0
7299,0
7300,3
7301,0
7302,0
7303,3
7304,0
7305,0
7306,3
7307,0
7308,0
7309,3
7310,0
7311,0
7312,3
7313,0
7314,0
7315,3
7316,0
7317,0
7318,3
7319,0
7320,0
7321,3
7322,0
7323,0
7324,3
7325,0
7326,0
7327,3
7328,0
7329,0
7330,3
7331,0
7332,0
7333,3
7334,0
7335,0
7336,3
7337,0
7338,0
7339,3
7340,0
7341,0
7342,3
7343,0
7344,0
7345,3
7346,0
7347,0
7348,3
7349,0
7350,0
7351,3
7352,0
7353,0
7354,3
7355,0
7356,0
7357,3
7358,0
7359,0
7360,3
7361,0
7362,0
7363,3
7364,0
7365,0
7366,3
7367,0
7368,0
7369,3
7370,0
7371,0
7372,3
7373,0
7374,0
7375,3
7376,0
7377,0
7378,3
7379,0
7380,0
7381,3
7382,0
7383,0
7384,3
7385,0
7386,0
7387,3
7388,0
7389,0
7390,3
7391,0
7392,0
7393,3
7394,0
7395,0
7396,3
7397,0
7398,0
7399,3
7400,0
7401,0
7402,3
7403,0
7404,0
7405,3
7406,0
7407,0
7408,3
7409,0
7410,0
7411,3
7412,0
7413,0
7414,3
7415,0
7416,0
7417,3
7418,0
7419,0
7420,3
7421,0
7422,0
7423,3
7424,0
7425,0
7426,3
7427,0
7428,0
7429,3
7430,0
7431,0
7432,3
7433,0
7434,0
7435,3
7436,0
7437,0
7438,3
7439,0
7440,0
7441,3
7442,0
7443,0
7444,3
7445,0
7446,0
7447,3
7448,0
7449,0
7450,3
7451,0
7452,0
7453,3
7454,0
7455,0
7456,3
7457,0
7458,0
7459,3
7460,0
7461,0
7462,3
7463,0
7464,0
7465,3
7466,0
7467,0
7468,3
7469,0
7470,0
7471,3
7472,0
7473,0
7474,3
7475,0
7476,0
7477,3
7478,0
7479,0
7480,3
7481,0
7482,0
7483,3
7484,0
7485,0
7486,3
7487,0
7488,0
7489,3
7490,0
7491,0
7492,3
7493,0
7494,0
7495,3
7496,0
7497,0
7498,3
7499,0
7500,0
7501,3
7502,0
7503,0
7504,3
7505,0
7506,0
7507,3
7508,0
7509,0
7510,3
7511,0
7512,0
7513,3
7514,0
7515,0
7516,3
7517,0
7518,0
7519,3
7520,0
7521,0
7522,3
7523,0
7524,0
7525,3
7526,0
7527,0
7528,3
7529,0
7530,0
7531,3
7532,0
7533,0
7534,3
7535,0
7536,0
7537,3
7538,0
7539,0
7540,3
7541,0
7542,0
7543,3
7544,0
7545,0
7546,3
7547,0
7548,0
7549,3
7550,0
7551,0
7552,3
7553,0
7554,0
7555,3
7556,0
7557,0
7558,3
7559,0
7560,0
7561,3
7562,0
7563,0
7564,3
7565,0
7566,0
7567,3
7568,0
7569,0
7570,3
7571,0
7572,0
7573,3
7574,0
7575,0
7576,3
7577,0
7578,0
7579,3
7580,0
7581,0
7582,3
7583,0
7584,0
7585,3
7586,0
7587,0
7588,3
7589,0
7590,0
7591,3
7592,0
7593,0
7594,3
7595,0
7596,0
7597,3
7598,0
7599,0
7600,3
7601,0
7602,0
7603,3
7604,0
7605,0
7606,3
7607,0
7608,0
7609,3
7610,0
7611,0
7612,3
7613,0
7614,0
7615,3
7616,0
7617,0
7618,3
7619,0
7620,0
7621,3
7622,0
7623,0
7624,3
7625,0
7626,0
7627,3
7628,0
7629,0
7630,3
7631,0
7632,0
7633,3
7634,0
7635,0
7636,3
7637,0
7638,0
7639,3
7640,0
7641,0
7642,3
7643,0
7644,0
7645,3
7646,0
7647,0
7648,3
7649,0
7650,0
7651,3
7652,0
7653,0
7654,3
7655,0
7656,0
7657,3
7658,0
7659,0
7660,3
7661,0
7662,0
7663,3
7664,0
7665,0
7666,3
7667,0
7668,0
7669,3
7670,0
7671,0
7672,3
7673,0
7674,0
7675,3
7676,0
7677,0
7678,3
7679,0
7680,0
7681,3
7682,0
7683,0
7684,3
7685,0
7686,0
7687,3
7688,0
7689,0
7690,3
7691,0
7692,0
7693,3
7694,0
7695,0
7696,3
7697,0
7698,0
7699,3
7700,0
7701,0
7702,3
7703,0
7704,0
7705,3
7706,0
7707,0
7708,3
7709,0
7710,0
7711,3
7712,0
7713,0
7714,3
7715,0
7716,0
7717,3
7718,0
7719,0
7720,3
7721,0
7722,0
7723,3
7724,0
7725,0
7726,3
7727,0
7728,0
7729,3
7730,0
7731,0
7732,3
7733,0
7734,0
7735,3
7736,0
7737,0
7738,3
7739,0
7740,0
7741,3
7742,0
7743,0
7744,3
7745,0
7746,0
7747,3
7748,0
7749,0
7750,3
7751,0
7752,0
7753,3
7754,0
7755,0
7756,3
7757,0
7758,0
7759,3
7760,0
7761,0
7762,3
7763,0
7764,0
7765,3
7766,0
7767,0
7768,3
7769,0
7770,0
7771,3
7772,0
7773,0
7774,3
7775,0
7776,0
7777,3
7778,0
7779,0
7780,3
7781,0
7782,0
7783,3
7784,0
7785,0
7786,3
7787,0
7788,0
7789,3
7790,0
7791,0
7792,3
7793,0
7794,0
7795,3
7796,0
7797,0
7798,3
7799,0
7800,0
7801,3
7802,0
7803,0
7804,3
7805,0
7806,0
7807,3
7808,0
7809,0
7810,3
7811,0
7812,0
7813,3
7814,0
7815,0
7816,3
7817,0
7818,0
7819,3
7820,0
7821,0
7822,3
7823,0
7824,0
7825,3
7826,0
7827,0
7828,3
7829,0
7830,0
7831,3
7832,0
7833,0
7834,3
7835,0
7836,0
7837,3
7838,0
7839,0
7840,3
7841,0
7842,0
7843,3
7844,0
7845,0
7846,3
7847,0
7848,0
7849,3
7850,0
7851,0
7852,3
7853,0
7854,0
7855,3
7856,0
7857,0
7858,3
7859,0
7860,0
7861,3
7862,0
7863,0
7864,3
7865,0
7866,0
7867,3
7868,0
7869,0
7870,3
7871,0
7872,0
7873,3
7874,0
7875,0
7876,3
7877,0
7878,0
7879,3
7880,0
7881,0
7882,3
7883,0
7884,0
7885,3
7886,0
7887,0
7888,3
7889,0
7890,0
7891,3
7892,0
7893,0
7894,3
7895,0
7896,0
7897,3
7898,0
7899,0
7900,3
7901,0
7902,0
7903,3
7904,0
7905,0
7906,3
7907,0
7908,0
7909,3
7910,0
7911,0
7912,3
7913,0
7914,0
7915,3
7916,0
7917,0
7918,3
7919,0
7920,0
7921,3
7922,0
7923,0
7924,3
7925,0
7926,0
7927,3
7928,0
7929,0
7930,3
7931,0
7932,0
7933,3
7934,0
7935,0
7936,3
7937,0
7938,0
7939,3
7940,0
7941,0
7942,3
7943,0
7944,0
7945,3
7946,0
7947,0
7948,3
7949,0
7950,0
7951,3
7952,0
7953,0
7954,3
7955,0
7956,0
7957,3
7958,0
7959,0
7960,3
7961,0
7962,0
7963,3
7964,0
7965,0
7966,3
7967,0
7968,0
7969,3
7970,0
7971,0
7972,3
7973,0
7974,0
7975,3
7976,0
7977,0
7978,3
7979,0
7980,0
7981,3
7982,0
7983,0
7984,3
7985,0
7986,0
7987,3
7988,0
7989,0
7990,3
7991,0
7992,0
7993,3
7994,0
7995,0
7996,3
7997,0
7998,0
7999,3
8000,0
8001,0
8002,3
8003,0
8004,0
8005,3
8006,0
8007,0
8008,3
8009,0
8010,0
8011,3
8012,0
8013,0
8014,3
8015,0
8016,0
8017,3
8018,0
8019,0
8020,3
8021,0
8022,0
8023,3
8024,0
8025,0
8026,3
8027,0
8028,0
8029,3
8030,0
8031,0
8032,3
8033,0
8034,0
8035,3
8036,0
8037,0
8038,3
8039,0
8040,0
8041,3
8042,0
8043,0
8044,3
8045,0
8046,0
8047,3
8048,0
8049,0
8050,3
8051,0
8052,0
8053,3
8054,0
8055,0
8056,3
8057,0
8058,0
8059,3
8060,0
8061,0
8062,3
8063,0
8064,0
8065,3
8066,0
8067,0
8068,3
8069,0
8070,0
8071,3
8072,0
8073,0
8074,3
8075,0
8076,0
8077,3
8078,0
8079,0
8080,3
8081,0
8082,0
8083,3
8084,0
8085,0
8086,3
8087,0
8088,0
8089,3
8090,0
8091,0
8092,3
8093,0
8094,0
8095,3
8096,0
8097,0
8098,3
8099,0
8100,0
8101,3
8102,0
8103,0
8104,3
8105,0
8106,0
8107,3
8108,0
8109,0
8110,3
8111,0
8112,0
8113,3
8114,0
8115,0
8116,3
8117,0
8118,0
8119,3
8120,0
8121,0
8122,3
8123,0
8124,0
8125,3
8126,0
8127,0
8128,3
8129,0
8130,0
8131,3
8132,0
8133,0
8134,3
8135,0
8136,0
8137,3
8138,0
8139,0
8140,3
8141,0
8142,0
8143,3
8144,0
8145,0
8146,3
8147,0
8148,0
8149,3
8150,0
8151,0
8152,3
8153,0
8154,0
8155,3
8156,0
8157,0
8158,3
8159,0
8160,0
8161,3
8162,0
8163,0
8164,3
8165,0
8166,0
8167,3
8168,0
8169,0
8170,3
8171,0
8172,0
8173,3
8174,0
8175,0
8176,3
8177,0
8178,0
8179,3
8180,0
8181,0
8182,3
8183,0
8184,0
8185,3
8186,0
8187,0
8188,3
8189,0
8190,0
8191,3
8192,0
8193,0
8194,3
8195,0
8196,0
8197,3
8198,0
8199,0
8200,3
8201,0
8202,0
8203,3
8204,0
8205,0
8206,3
8207,0
8208,0
8209,3
8210,0
8211,0
8212,3
8213,0
8214,0
8215,3
8216,0
8217,0
8218,3
8219,0
8220,0
8221,3
8222,0
8223,0
8224,3
8225,0
8226,0
8227,3
8228,0
8229,0
8230,3
8231,0
8232,0
8233,3
8234,0
8235,0
8236,3
8237,0
8238,0
8239,3
8240,0
8241,0
8242,3
8243,0
8244,0
8245,3
8246,0
8247,0
8248,3
8249,0
8250,0
8251,3
8252,0
8253,0
8254,3
8255,0
8256,0
8257,3
8258,0
8259,0
8260,3
8261,0
8262,0
8263,3
8264,0
8265,0
8266,3
8267,0
8268,0
8269,3
8270,0
8271,0
8272,3
8273,0
8274,0
8275,3
8276,0
8277,0
8278,3
8279,0
8280,0
8281,3
8282,0
8283,0
8284,3
8285,0
8286,0
8287,3
8288,0
8289,0
8290,3
8291,0
8292,0
8293,3
8294,0
8295,0
8296,3
8297,0
8298,0
8299,3
8300,0
8301,0
8302,3
8303,0
8304,0
8305,3
8306,0
8307,0
8308,3
8309,0
8310,0
8311,3
8312,0
8313,0
8314,3
8315,0
8316,0
8317,3
8318,0
8319,0
8320,3
8321,0
8322,0
8323,3
8324,0
8325,0
8326,3
8327,0
8328,0
8329,3
8330,0
8331,0
8332,3
8333,0
8334,0
8335,3
8336,0
8337,0
8338,3
8339,0
8340,0
8341,3
8342,0
8343,0
8344,3
8345,0
8346,0
8347,3
8348,0
8349,0
8350,3
8351,0
8352,0
8353,3
8354,0
8355,0
8356,3
8357,0
8358,0
8359,3
8360,0
8361,0
8362,3
8363,0
8364,0
8365,3
8366,0
8367,0
8368,3
8369,0
8370,0
8371,3
8372,0
8373,0
8374,3
8375,0
8376,0
8377,3
8378,0
8379,0
8380,3
8381,0
8382,0
8383,3
8384,0
8385,0
8386,3
8387,0
8388,0
8389,3
8390,0
8391,0
8392,3
8393,0
8394,0
8395,3
8396,0
8397,0
8398,3
8399,0
8400,0
8401,3
8402,0
8403,0
8404,3
8405,0
8406,0
8407,3
8408,0
8409,0
8410,3
8411,0
8412,0
8413,3
8414,0
8415,0
8416,3
8417,0
8418,0
8419,3
8420,0
8421,0
8422,3
8423,0
8424,0
8425,3
8426,0
8427,0
8428,3
8429,0
8430,0
8431,3
8432,0
8433,0
8434,3
8435,0
8436,0
8437,3
8438,0
8439,0
8440,3
8441,0
8442,0
8443,3
8444,0
8445,0
8446,3
8447,0
8448,0
8449,3
8450,0
8451,0
8452,3
8453,0
8454,0
8455,3
8456,0
8457,0
8458,3
8459,0
8460,0
8461,3
8462,0
8463,0
8464,3
8465,0
8466,0
8467,3
8468,0
8469,0
8470,3
8471,0
8472,0
8473,3
8474,0
8475,0
8476,3
8477,0
8478,0
8479,3
8480,0
8481,0
8482,3
8483,0
8484,0
8485,3
8486,0
8487,0
8488,3
8489,0
8490,0
8491,3
8492,0
8493,0
8494,3
8495,0
8496,0
8497,3
8498,0
8499,0
8500,3
8501,0
8502,0
8503,3
8504,0
8505,0
8506,3
8507,0
8508,0
8509,3
8510,0
8511,0
8512,3
8513,0
8514,0
8515,3
8516,0
8517,0
8518,3
8519,0
8520,0
8521,3
8522,0
8523,0
8524,3
8525,0
8526,0
8527,3
8528,0
8529,0
8530,3
8531,0
8532,0
8533,3
8534,0
8535,0
8536,3
8537,0
8538,0
8539,3
8540,0
8541,0
8542,3
8543,0
8544,0
8545,3
8546,0
8547,0
8548,3
8549,0
8550,0
8551,3
8552,0
8553,0
8554,3
8555,0
8556,0
8557,3
8558,0
8559,0
8560,3
8561,0
8562,0
8563,3
8564,0
8565,0
8566,3
8567,0
8568,0
8569,3
8570,0
8571,0
8572,3
8573,0
8574,0
8575,3
8576,0
8577,0
8578,3
8579,0
8580,0
8581,3
8582,0
8583,0
8584,3
8585,0
8586,0
8587,3
8588,0
8589,0
8590,3
8591,0
8592,0
8593,3
8594,0
8595,0
8596,3
8597,0
8598,0
8599,3
8600,0
8601,0
8602,3
8603,0
8604,0
8605,3
8606,0
8607,0
8608,3
8609,0
8610,0
8611,3
8612,0
8613,0
8614,3
8615,0
8616,0
8617,3
8618,0
8619,0
8620,3
8621,0
8622,0
8623,3
8624,0
8625,0
8626,3
8627,0
8628,0
8629,3
8630,0
8631,0
8632,3
8633,0
8634,0
8635,3
8636,0
8637,0
8638,3
8639,0
8640,0
8641,3
8642,0
8643,0
8644,3
8645,0
8646,0
8647,3
8648,0
8649,0
8650,3
8651,0
8652,0
8653,3
8654,0
8655,0
8656,3
8657,0
8658,0
8659,3
8660,0
8661,0
8662,3
8663,0
8664,0
8665,3
8666,0
8667,0
8668,3
8669,0
8670,0
8671,3
8672,0
8673,0
8674,3
8675,0
8676,0
8677,3
8678,0
8679,0
8680,3
8681,0
8682,0
8683,3
8684,0
8685,0
8686,3
8687,0
8688,0
8689,3
8690,0
8691,0
8692,3
8693,0
8694,0
8695,3
8696,0
8697,0
8698,3
8699,0
8700,0
8701,3
8702,0
8703,0
8704,3
8705,0
8706,0
8707,3
8708,0
8709,0
8710,3
8711,0
8712,0
8713,3
8714,0
8715,0
8716,3
8717,0
8718,0
8719,3
8720,0
8721,0
8722,3
8723,0
8724,0
8725,3
8726,0
8727,0
8728,3
8729,0
8730,0
8731,3
8732,0
8733,0
8734,3
8735,0
8736,0
8737,3
8738,0
8739,0
8740,3
8741,0
8742,0
8743,3
8744,0
8745,0
8746,3
8747,0
8748,0
8749,3
8750,0
8751,0
8752,3
8753,0
8754,0
8755,3
8756,0
8757,0
8758,3
8759,0
8760,0
8761,3
8762,0
8763,0
8764,3
8765,0
8766,0
8767,3
8768,0
8769,0
8770,3
8771,0
8772,0
8773,3
8774,0
8775,0
8776,3
8777,0
8778,0
8779,3
8780,0
8781,0
8782,3
8783,0
8784,0
8785,3
8786,0
8787,0
8788,3
8789,0
8790,0
8791,3
8792,0
8793,0
8794,3
8795,0
8796,0
8797,3
8798,0
8799,0
8800,3
8801,0
8802,0
8803,3
8804,0
8805,0
8806,3
8807,0
8808,0
8809,3
8810,0
8811,0
8812,3
8813,0
8814,0
8815,3
8816,0
8817,0
8818,3
8819,0
8820,0
8821,3
8822,0
8823,0
8824,3
8825,0
8826,0
8827,3
8828,0
8829,0
8830,3
8831,0
8832,0
8833,3
8834,0
8835,0
8836,3
8837,0
8838,0
8839,3
8840,0
8841,0
8842,3
8843,0
8844,0
8845,3
8846,0
8847,0
8848,3
8849,0
8850,0
8851,3
8852,0
8853,0
8854,3
8855,0
8856,0
8857,3
8858,0
8859,0
8860,3
8861,0
8862,0
8863,3
8864,0
8865,0
8866,3
8867,0
8868,0
8869,3
8870,0
8871,0
8872,3
8873,0
8874,0
8875,3
8876,0
8877,0
8878,3
8879,0
8880,0
8881,3
8882,0
8883,0
8884,3
8885,0
8886,0
8887,3
8888,0
8889,0
8890,3
8891,0
8892,0
8893,3
8894,0
8895,0
8896,3
8897,0
8898,0
8899,3
8900,0
8901,0
8902,3
8903,0
8904,0
8905,3
8906,0
8907,0
8908,3
8909,0
8910,0
8911,3
8912,0
8913,0
8914,3
8915,0
8916,0
8917,3
8918,0
8919,0
8920,3
8921,0
8922,0
8923,3
8924,0
8925,0
8926,3
8927,0
8928,0
8929,3
8930,0
8931,0
8932,3
8933,0
8934,0
8935,3
8936,0
8937,0
8938,3
8939,0
8940,0
8941,3
8942,0
8943,0
8944,3
8945,0
8946,0
8947,3
8948,0
8949,0
8950,3
8951,0
8952,0
8953,3
8954,0
8955,0
8956,3
8957,0
8958,0
8959,3
8960,0
8961,0
8962,3
8963,0
8964,0
8965,3
8966,0
8967,0
8968,3
8969,0
8970,0
8971,3
8972,0
8973,0
8974,3
8975,0
8976,0
8977,3
8978,0
8979,0
8980,3
8981,0
8982,0
8983,3
8984,0
8985,0
8986,3
8987,0
8988,0
8989,3
8990,0
8991,0
8992,3
8993,0
8994,0
8995,3
8996,0
8997,0
8998,3
8999,0
9000,0
9001,3
9002,0
9003,0
9004,3
9005,0
9006,0
9007,3
9008,0
9009,0
9010,3
9011,0
9012,0
9013,3
9014,0
9015,0
9016,3
9017,0
9018,0
9019,3
9020,0
9021,0
9022,3
9023,0
9024,0
9025,3
9026,0
9027,0
9028,3
9029,0
9030,0
9031,3
9032,0
9033,0
9034,3
9035,0
9036,0
9037,3
9038,0
9039,0
9040,3
9041,0
9042,0
9043,3
9044,0
9045,0
9046,3
9047,0
9048,0
9049,3
9050,0
9051,0
9052,3
9053,0
9054,0
9055,3
9056,0
9057,0
9058,3
9059,0
9060,0
9061,3
9062,0
9063,0
9064,3
9065,0
9066,0
9067,3
9068,0
9069,0
9070,3
9071,0
9072,0
9073,3
9074,0
9075,0
9076,3
9077,0
9078,0
9079,3
9080,0
9081,0
9082,3
9083,0
9084,0
9085,3
9086,0
9087,0
9088,3
9089,0
9090,0
9091,3
9092,0
9093,0
9094,3
9095,0
9096,0
9097,3
9098,0
9099,0
9100,3
9101,0
9102,0
9103,3
9104,0
9105,0
9106,3
9107,0
9108,0
9109,3
9110,0
9111,0
9112,3
9113,0
9114,0
9115,3
9116,0
9117,0
9118,3
9119,0
9120,0
9121,3
9122,0
9123,0
9124,3
9125,0
9126,0
9127,3
9128,0
9129,0
9130,3
9131,0
9132,0
9133,3
9134,0
9135,0
9136,3
9137,0
9138,0
9139,3
9140,0
9141,0
9142,3
9143,0
9144,0
9145,3
9146,0
9147,0
9148,3
9149,0
9150,0
9151,3
9152,0
9153,0
9154,3
9155,0
9156,0
9157,3
9158,0
9159,0
9160,3
9161,0
9162,0
9163,3
9164,0
9165,0
9166,3
9167,0
9168,0
9169,3
9170,0
9171,0
9172,3
9173,0
9174,0
9175,3
9176,0
9177,0
9178,3
9179,0
9180,0
9181,3
9182,0
9183,0
9184,3
9185,0
9186,0
9187,3
9188,0
9189,0
9190,3
9191,0
9192,0
9193,3
9194,0
9195,0
9196,3
9197,0
9198,0
9199,3
9200,0
9201,0
9202,3
9203,0
9204,0
9205,3
9206,0
9207,0
9208,3
9209,0
9210,0
9211,3
9212,0
9213,0
9214,3
9215,0
9216,0
9217,3
9218,0
9219,0
9220,3
9221,0
9222,0
9223,3
9224,0
9225,0
9226,3
9227,0
9228,0
9229,3
9230,0
9231,0
9232,3
9233,0
9234,0
9235,3
9236,0
9237,0
9238,3
9239,0
9240,0
9241,3
9242,0
9243,0
9244,3
9245,0
9246,0
9247,3
9248,0
9249,0
9250,3
9251,0
9252,0
9253,3
9254,0
9255,0
9256,3
9257,0
9258,0
9259,3
9260,0
9261,0
9262,3
9263,0
9264,0
9265,3
9266,0
9267,0
9268,3
9269,0
9270,0
9271,3
9272,0
9273,0
9274,3
9275,0
9276,0
9277,3
9278,0
9279,0
9280,3
9281,0
9282,0
9283,3
9284,0
9285,0
9286,3
9287,0
9288,0
9289,3
9290,0
9291,0
9292,3
9293,0
9294,0
9295,3
9296,0
9297,0
9298,3
9299,0
9300,0
9301,3
9302,0
9303,0
9304,3
9305,0
9306,0
9307,3
9308,0
9309,0
9310,3
9311,0
9312,0
9313,3
9314,0
9315,0
9316,3
9317,0
9318,0
9319,3
9320,0
9321,0
9322,3
9323,0
9324,0
9325,3
9326,0
9327,0
9328,3
9329,0
9330,0
9331,3
9332,0
9333,0
9334,3
9335,0
9336,0
9337,3
9338,0
9339,0
9340,3
9341,0
9342,0
9343,3
9344,0
9345,0
9346,3
9347,0
9348,0
9349,3
9350,0
9351,0
9352,3
9353,0
9354,0
9355,3
9356,0
9357,0
9358,3
9359,0
9360,0
9361,3
9362,0
9363,0
9364,3
9365,0
9366,0
9367,3
9368,0
9369,0
9370,3
9371,0
9372,0
9373,3
9374,0
9375,0
9376,3
9377,0
9378,0
9379,3
9380,0
9381,0
9382,3
9383,0
9384,0
9385,3
9386,0
9387,0
9388,3
9389,0
9390,0
9391,3
9392,0
9393,0
9394,3
9395,0
9396,0
9397,3
9398,0
9399,0
9400,3
9401,0
9402,0
9403,3
9404,0
9405,0
9406,3
9407,0
9408,0
9409,3
9410,0
9411,0
9412,3
9413,0
9414,0
9415,3
9416,0
9417,0
9418,3
9419,0
9420,0
9421,3
9422,0
9423,0
9424,3
9425,0
9426,0
9427,3
9428,0
9429,0
9430,3
9431,0
9432,0
9433,3
9434,0
9435,0
9436,3
9437,0
9438,0
9439,3
9440,0
9441,0
9442,3
9443,0
9444,0
9445,3
9446,0
9447,0
9448,3
9449,0
9450,0
9451,3
9452,0
9453,0
9454,3
9455,0
9456,0
9457,3
9458,0
9459,0
9460,3
9461,0
9462,0
9463,3
9464,0
9465,0
9466,3
9467,0
9468,0
9469,3
9470,0
9471,0
9472,3
9473,0
9474,0
9475,3
9476,0
9477,0
9478,3
9479,0
9480,0
9481,3
9482,0
9483,0
9484,3
9485,0
9486,0
9487,3
9488,0
9489,0
9490,3
9491,0
9492,0
9493,3
9494,0
9495,0
9496,3
9497,0
9498,0
9499,3
9500,0
9501,0
9502,3
9503,0
9504,0
9505,3
9506,0
9507,0
9508,3
9509,0
9510,0
9511,3
9512,0
9513,0
9514,3
9515,0
9516,0
9517,3
9518,0
9519,0
9520,3
9521,0
9522,0
9523,3
9524,0
9525,0
9526,3
9527,0
9528,0
9529,3
9530,0
9531,0
9532,3
9533,0
9534,0
9535,3
9536,0
9537,0
9538,3
9539,0
9540,0
9541,3
9542,0
9543,0
9544,3
9545,0
9546,0
9547,3
9548,0
9549,0
9550,3
9551,0
9552,0
9553,3
9554,0
9555,0
9556,3
9557,0
9558,0
9559,3
9560,0
9561,0
9562,3
9563,0
9564,0
9565,3
9566,0
9567,0
9568,3
9569,0
9570,0
9571,3
9572,0
9573,0
9574,3
9575,0
9576,0
9577,3
9578,0
9579,0
9580,3
9581,0
9582,0
9583,3
9584,0
9585,0
9586,3
9587,0
9588,0
9589,3
9590,0
9591,0
9592,3
9593,0
9594,0
9595,3
9596,0
9597,0
9598,3
9599,0
9600,0
9601,3
9602,0
9603,0
9604,3
9605,0
9606,0
9607,3
9608,0
9609,0
9610,3
9611,0
9612,0
9613,3
9614,0
9615,0
9616,3
9617,0
9618,0
9619,3
9620,0
9621,0
9622,3
9623,0
9624,0
9625,3
9626,0
9627,0
9628,3
9629,0
9630,0
9631,3
9632,0
9633,0
9634,3
9635,0
9636,0
9637,3
9638,0
9639,0
9640,3
9641,0
9642,0
9643,3
9644,0
9645,0
9646,3
9647,0
9648,0
9649,3
9650,0
9651,0
9652,3
9653,0
9654,0
9655,3
9656,0
9657,0
9658,3
9659,0
9660,0
9661,3
9662,0
9663,0
9664,3
9665,0
9666,0
9667,3
9668,0
9669,0
9670,3
9671,0
9672,0
9673,3
9674,0
9675,0
9676,3
9677,0
9678,0
9679,3
9680,0
9681,0
9682,3
9683,0
9684,0
9685,3
9686,0
9687,0
9688,3
9689,0
9690,0
9691,3
9692,0
9693,0
9694,3
9695,0
9696,0
9697,3
9698,0
9699,0
9700,3
9701,0
9702,0
9703,3
9704,0
9705,0
9706,3
9707,0
9708,0
9709,3
9710,0
9711,0
9712,3
9713,0
9714,0
9715,3
9716,0
9717,0
9718,3
9719,0
9720,0
9721,3
9722,0
9723,0
9724,3
9725,0
9726,0
9727,3
9728,0
9729,0
9730,3
9731,0
9732,0
9733,3
9734,0
9735,0
9736,3
9737,0
9738,0
9739,3
9740,0
9741,0
9742,3
9743,0
9744,0
9745,3
9746,0
9747,0
9748,3
9749,0
9750,0
9751,3
9752,0
9753,0
9754,3
9755,0
9756,0
9757,3
9758,0
9759,0
9760,3
9761,0
9762,0
9763,3
9764,0
9765,0
9766,3
9767,0
9768,0
9769,3
9770,0
9771,0
9772,3
9773,0
9774,0
9775,3
9776,0
9777,0
9778,3
9779,0
9780,0
9781,3
9782,0
9783,0
9784,3
9785,0
9786,0
9787,3
9788,0
9789,0
9790,3
9791,0
9792,0
9793,3
9794,0
9795,0
9796,3
9797,0
9798,0
9799,3
9800,0
9801,0
9802,3
9803,0
9804,0
9805,3
9806,0
9807,0
9808,3
9809,0
9810,0
9811,3
9812,0
9813,0
9814,3
9815,0
9816,0
9817,3
9818,0
9819,0
9820,3
9821,0
9822,0
9823,3
9824,0
9825,0
9826,3
9827,0
9828,0
9829,3
9830,0
9831,0
9832,3
9833,0
9834,0
9835,3
9836,0
9837,0
9838,3
9839,0
9840,0
9841,3
9842,0
9843,0
9844,3
9845,0
9846,0
9847,3
9848,0
9849,0
9850,3
9851,0
9852,0
9853,3
9854,0
9855,0
9856,3
9857,0
9858,0
9859,3
9860,0
9861,0
9862,3
9863,0
9864,0
9865,3
9866,0
9867,0
9868,3
9869,0
9870,0
9871,3
9872,0
9873,0
9874,3
9875,0
9876,0
9877,3
9878,0
9879,0
9880,3
9881,0
9882,0
9883,3
9884,0
9885,0
9886,3
9887,0
9888,0
9889,3
9890,0
9891,0
9892,3
9893,0
9894,0
9895,3
9896,0
9897,0
9898,3
9899,0
9900,0
9901,3
9902,0
9903,0
9904,3
9905,0
9906,0
9907,3
9908,0
9909,0
9910,3
9911,0
9912,0
9913,3
9914,0
9915,0
9916,3
9917,0
9918,0
9919,3
9920,0
9921,0
9922,3
9923,0
9924,0
9925,3
9926,0
9927,0
9928,3
9929,0
9930,0
9931,3
9932,0
9933,0
9934,3
9935,0
9936,0
9937,3
9938,0
9939,0
9940,3
9941,0
9942,0
9943,3
9944,0
9945,0
9946,3
9947,0
9948,0
9949,3
9950,0
9951,0
9952,3
9953,0
9954,0
9955,3
9956,0
9957,0
9958,3
9959,0
9960,0
9961,3
9962,0
9963,0
9964,3
9965,0
9966,0
9967,3
9968,0
9969,0
9970,3
9971,0
9972,0
9973,3
9974,0
9975,0
9976,3
9977,0
9978,0
9979,3
9980,0
9981,0
9982,3
9983,0
9984,0
9985,3
9986,0
9987,0
9988,3
9989,0
9990,0
9991,3
9992,0
9993,0
9994,3
9995,0
9996,0
9997,3
9998,0
9999,0
10000,3
10001,0
10002,0
10003,3
10004,0
10005,0
10006,3
10007,0
10008,0
10009,3
10010,0
10011,0
10012,3
10013,0
10014,0
10015,3
10016,0
10017,0
10018,3
10019,0
10020,0
10021,3
10022,0
10023,0
10024,3
10025,0
10026,0
10027,3
10028,0
10029,0
10030,3
10031,0
10032,0
10033,3
10034,0
10035,0
10036,3
10037,0
10038,0
10039,3
10040,0
10041,0
10042,3
10043,0
10044,0
10045,3
10046,0
10047,0
10048,3
10049,0
10050,0
10051,3
10052,0
10053,0
10054,3
10055,0
10056,0
10057,3
10058,0
10059,0
10060,3
10061,0
10062,0
10063,3
10064,0
10065,0
10066,3
10067,0
10068,0
10069,3
10070,0
10071,0
10072,3
10073,0
10074,0
10075,3
10076,0
10077,0
10078,3
10079,0
10080,0
10081,3
10082,0
10083,0
10084,3
10085,0
10086,0
10087,3
10088,0
10089,0
10090,3
10091,0
10092,0
10093,3
10094,0
10095,0
10096,3
10097,0
10098,0
10099,3
10100,0
10101,0
10102,3
10103,0
10104,0
10105,3
10106,0
10107,0
10108,3
10109,0
10110,0
10111,3
10112,0
10113,0
10114,3
10115,0
10116,0
10117,3
10118,0
10119,0
10120,3
10121,0
10122,0
10123,3
10124,0
10125,0
10126,3
10127,0
10128,0
10129,3
10130,0
10131,0
10132,3
10133,0
10134,0
10135,3
10136,0
10137,0
10138,3
10139,0
10140,0
10141,3
10142,0
10143,0
10144,3
10145,0
10146,0
10147,3
10148,0
10149,0
10150,3
10151,0
10152,0
10153,3
10154,0
10155,0
10156,3
10157,0
10158,0
10159,3
10160,0
10161,0
10162,3
10163,0
10164,0
10165,3
10166,0
10167,0
10168,3
10169,0
10170,0
10171,3
10172,0
10173,0
10174,3
10175,0
10176,0
10177,3
10178,0
10179,0
10180,3
10181,0
10182,0
10183,3
10184,0
10185,0
10186,3
10187,0
10188,0
10189,3
10190,0
10191,0
10192,3
10193,0
10194,0
10195,3
10196,0
10197,0
10198,3
10199,0
10200,0
10201,3
10202,0
10203,0
10204,3
10205,0
10206,0
10207,3
10208,0
10209,0
10210,3
10211,0
10212,0
10213,3
10214,0
10215,0
10216,3
10217,0
10218,0
10219,3
10220,0
10221,0
10222,3
10223,0
10224,0
10225,3
10226,0
10227,0
10228,3
10229,0
10230,0
10231,3
10232,0
10233,0
10234,3
10235,0
10236,0
10237,3
10238,0
10239,0
10240,3
10241,0
10242,0
10243,3
10244,0
10245,0
10246,3
10247,0
10248,0
10249,3
10250,0
10251,0
10252,3
10253,0
10254,0
10255,3
10256,0
10257,0
10258,3
10259,0
10260,0
10261,3
10262,0
10263,0
10264,3
10265,0
10266,0
10267,3
10268,0
10269,0
10270,3
10271,0
10272,0
10273,3
10274,0
10275,0
10276,3
10277,0
10278,0
10279,3
10280,0
10281,0
10282,3
10283,0
10284,0
10285,3
10286,0
10287,0
10288,3
10289,0
10290,0
10291,3
10292,0
10293,0
10294,3
10295,0
10296,0
10297,3
10298,0
10299,0
10300,3
10301,0
10302,0
10303,3
10304,0
10305,0
10306,3
10307,0
10308,0
10309,3
10310,0
10311,0
10312,3
10313,0
10314,0
10315,3
10316,0
10317,0
10318,3
10319,0
10320,0
10321,3
10322,0
10323,0
10324,3
10325,0
10326,0
10327,3
10328,0
10329,0
10330,3
10331,0
10332,0
10333,3
10334,0
10335,0
10336,3
10337,0
10338,0
10339,3
10340,0
10341,0
10342,3
10343,0
10344,0
10345,3
10346,0
10347,0
10348,3
10349,0
10350,0
10351,3
10352,0
10353,0
10354,3
10355,0
10356,0
10357,3
10358,0
10359,0
10360,3
10361,0
10362,0
10363,3
10364,0
10365,0
10366,3
10367,0
10368,0
10369,3
10370,0
10371,0
10372,3
10373,0
10374,0
10375,3
10376,0
10377,0
10378,3
10379,0
10380,0
10381,3
10382,0
10383,0
10384,3
10385,0
10386,0
10387,3
10388,0
10389,0
10390,3
10391,0
10392,0
10393,3
10394,0
10395,0
10396,3
10397,0
10398,0
10399,3
10400,0
10401,0
10402,3
10403,0
10404,0
10405,3
10406,0
10407,0
10408,3
10409,0
10410,0
10411,3
10412,0
10413,0
10414,3
10415,0
10416,0
10417,3
10418,0
10419,0
10420,3
10421,0
10422,0
10423,3
10424,0
10425,0
10426,3
10427,0
10428,0
10429,3
10430,0
10431,0
10432,3
10433,0
10434,0
10435,3
10436,0
10437,0
10438,3
10439,0
10440,0
10441,3
10442,0
10443,0
10444,3
10445,0
10446,0
10447,3
10448,0
10449,0
10450,3
10451,0
10452,0
10453,3
10454,0
10455,0
10456,3
10457,0
10458,0
10459,3
10460,0
10461,0
10462,3
10463,0
10464,0
10465,3
10466,0
10467,0
10468,3
10469,0
10470,0
10471,3
10472,0
10473,0
10474,3
10475,0
10476,0
10477,3
10478,0
10479,0
10480,3
10481,0
10482,0
10483,3
10484,0
10485,0
10486,3
10487,0
10488,0
10489,3
10490,0
10491,0
10492,3
10493,0
10494,0
10495,3
10496,0
10497,0
10498,3
10499,0
10500,0
10501,3
10502,0
10503,0
10504,3
10505,0
10506,0
10507,3
10508,0
10509,0
10510,3
10511,0
10512,0
10513,3
10514,0
10515,0
10516,3
10517,0
10518,0
10519,3
10520,0
10521,0
10522,3
10523,0
10524,0
10525,3
10526,0
10527,0
10528,3
10529,0
10530,0
10531,3
10532,0
10533,0
10534,3
10535,0
10536,0
10537,3
10538,0
10539,0
10540,3
10541,0
10542,0
10543,3
10544,0
10545,0
10546,3
10547,0
10548,0
10549,3
10550,0
10551,0
10552,3
10553,0
10554,0
10555,3
10556,0
10557,0
10558,3
10559,0
10560,0
10561,3
10562,0
10563,0
10564,3
10565,0
10566,0
10567,3
10568,0
10569,0
10570,3
10571,0
10572,0
10573,3
10574,0
10575,0
10576,3
10577,0
10578,0
10579,3
10580,0
10581,0
10582,3
10583,0
10584,0
10585,3
10586,0
10587,0
10588,3
10589,0
10590,0
10591,3
10592,0
10593,0
10594,3
10595,0
10596,0
10597,3
10598,0
10599,0
10600,3
10601,0
10602,0
10603,3
10604,0
10605,0
10606,3
10607,0
10608,0
10609,3
10610,0
10611,0
10612,3
10613,0
10614,0
10615,3
10616,0
10617,0
10618,3
10619,0
10620,0
10621,3
10622,0
10623,0
10624,3
10625,0
10626,0
10627,3
10628,0
10629,0
10630,3
10631,0
10632,0
10633,3
10634,0
10635,0
10636,3
10637,0
10638,0
10639,3
10640,0
10641,0
10642,3
10643,0
10644,0
10645,3
10646,0
10647,0
10648,3
10649,0
10650,0
10651,3
10652,0
10653,0
10654,3
10655,0
10656,0
10657,3
10658,0
10659,0
10660,3
10661,0
10662,0
10663,3
10664,0
10665,0
10666,3
10667,0
10668,0
10669,3
10670,0
10671,0
10672,3
10673,0
10674,0
10675,3
10676,0
10677,0
10678,3
10679,0
10680,0
10681,3
10682,0
10683,0
10684,3
10685,0
10686,0
10687,3
10688,0
10689,0
10690,3
10691,0
10692,0
10693,3
10694,0
10695,0
10696,3
10697,0
10698,0
10699,3
10700,0
10701,0
10702,3
10703,0
10704,0
10705,3
10706,0
10707,0
10708,3
10709,0
10710,0
10711,3
10712,0
10713,0
10714,3
10715,0
10716,0
10717,3
10718,0
10719,0
10720,3
10721,0
10722,0
10723,3
10724,0
10725,0
10726,3
10727,0
10728,0
10729,3
10730,0
10731,0
10732,3
10733,0
10734,0
10735,3
10736,0
10737,0
10738,3
10739,0
10740,0
10741,3
10742,0
10743,0
10744,3
10745,0
10746,0
10747,3
10748,0
10749,0
10750,3
10751,0
10752,0
10753,3
10754,0
10755,0
10756,3
10757,0
10758,0
10759,3
10760,0
10761,0
10762,3
10763,0
10764,0
10765,3
10766,0
10767,0
10768,3
10769,0
10770,0
10771,3
10772,0
10773,0
10774,3
10775,0
10776,0
10777,3
10778,0
10779,0
10780,3
10781,0
10782,0
10783,3
10784,0
10785,0
10786,3
10787,0
10788,0
10789,3
10790,0
10791,0
10792,3
10793,0
10794,0
10795,3
10796,0
10797,0
10798,3
10799,0
10800,0
10801,3
10802,0
10803,0
10804,3
10805,0
10806,0
10807,3
10808,0
10809,0
10810,3
10811,0
10812,0
10813,3
10814,0
10815,0
10816,3
10817,0
10818,0
10819,3
10820,0
10821,0
10822,3
10823,0
10824,0
10825,3
10826,0
10827,0
10828,3
10829,0
10830,0
10831,3
10832,0
10833,0
10834,3
10835,0
10836,0
10837,3
10838,0
10839,0
10840,3
10841,0
10842,0
10843,3
10844,0
10845,0
10846,3
10847,0
10848,0
10849,3
10850,0
10851,0
10852,3
10853,0
10854,0
10855,3
10856,0
10857,0
10858,3
10859,0
10860,0
10861,3
10862,0
10863,0
10864,3
10865,0
10866,0
10867,3
10868,0
10869,0
10870,3
10871,0
10872,0
10873,3
10874,0
10875,0
10876,3
10877,0
10878,0
10879,3
10880,0
10881,0
10882,3
10883,0
10884,0
10885,3
10886,0
10887,0
10888,3
10889,0
10890,0
10891,3
10892,0
10893,0
10894,3
10895,0
10896,0
10897,3
10898,0
10899,0
10900,3
10901,0
10902,0
10903,3
10904,0
10905,0
10906,3
10907,0
10908,0
10909,3
10910,0
10911,0
10912,3
10913,0
10914,0
10915,3
10916,0
10917,0
10918,3
10919,0
10920,0
10921,3
10922,0
10923,0
10924,3
10925,0
10926,0
10927,3
10928,0
10929,0
10930,3
10931,0
10932,0
10933,3
10934,0
10935,0
10936,3
10937,0
10938,0
10939,3
10940,0
10941,0
10942,3
10943,0
10944,0
10945,3
10946,0
10947,0
10948,3
10949,0
10950,0
10951,3
10952,0
10953,0
10954,3
10955,0
10956,0
10957,3
10958,0
10959,0
10960,3
10961,0
10962,0
10963,3
10964,0
10965,0
10966,3
10967,0
10968,0
10969,3
10970,0
10971,0
10972,3
10973,0
10974,0
10975,3
10976,0
10977,0
10978,3
10979,0
10980,0
10981,3
10982,0
10983,0
10984,3
10985,0
10986,0
10987,3
10988,0
10989,0
10990,3
10991,0
10992,0
10993,3
10994,0
10995,0
10996,3
10997,0
10998,0
10999,3
11000,0
11001,0
11002,3
11003,0
11004,0
11005,3
11006,0
11007,0
11008,3
11009,0
11010,0
11011,3
11012,0
11013,0
11014,3
11015,0
11016,0
11017,3
11018,0
11019,0
11020,3
11021,0
11022,0
11023,3
11024,0
11025,0
11026,3
11027,0
11028,0
11029,3
11030,0
11031,0
11032,3
11033,0
11034,0
11035,3
11036,0
11037,0
11038,3
11039,0
11040,0
11041,3
11042,0
11043,0
11044,3
11045,0
11046,0
11047,3
11048,0
11049,0
11050,3
11051,0
11052,0
11053,3
11054,0
11055,0
11056,3
11057,0
11058,0
11059,3
11060,0
11061,0
11062,3
11063,0
11064,0
11065,3
11066,0
11067,0
11068,3
11069,0
11070,0
11071,3
11072,0
11073,0
11074,3
11075,0
11076,0
11077,3
11078,0
11079,0
11080,3
11081,0
11082,0
11083,3
11084,0
11085,0
11086,3
11087,0
11088,0
11089,3
11090,0
11091,0
11092,3
11093,0
11094,0
11095,3
11096,0
11097,0
11098,3
11099,0
11100,0
11101,3
11102,0
11103,0
11104,3
11105,0
11106,0
11107,3
11108,0
11109,0
11110,3
11111,0
11112,0
11113,3
11114,0
11115,0
11116,3
11117,0
11118,0
11119,3
11120,0
11121,0
11122,3
11123,0
11124,0
11125,3
11126,0
11127,0
11128,3
11129,0
11130,0
11131,3
11132,0
11133,0
11134,3
11135,0
11136,0
11137,3
11138,0
11139,0
11140,3
11141,0
11142,0
11143,3
11144,0
11145,0
11146,3
11147,0
11148,0
11149,3
11150,0
11151,0
11152,3
11153,0
11154,0
11155,3
11156,0
11157,0
11158,3
11159,0
11160,0
11161,3
11162,0
11163,0
11164,3
11165,0
11166,0
11167,3
11168,0
11169,0
11170,3
11171,0
11172,0
11173,3
11174,0
11175,0
11176,3
11177,0
11178,0
11179,3
11180,0
11181,0
11182,3
11183,0
11184,0
11185,3
11186,0
11187,0
11188,3
11189,0
11190,0
11191,3
11192,0
11193,0
11194,3
11195,0
11196,0
11197,3
11198,0
11199,0
11200,3
11201,0
11202,0
11203,3
11204,0
11205,0
11206,3
11207,0
11208,0
11209,3
11210,0
11211,0
11212,3
11213,0
11214,0
11215,3
11216,0
11217,0
11218,3
11219,0
11220,0
11221,3
11222,0
11223,0
11224,3
11225,0
11226,0
11227,3
11228,0
11229,0
11230,3
11231,0
11232,0
11233,3
11234,0
11235,0
11236,3
11237,0
11238,0
11239,3
11240,0
11241,0
11242,3
11243,0
11244,0
11245,3
11246,0
11247,0
11248,3
11249,0
11250,0
11251,3
11252,0
11253,0
11254,3
11255,0
11256,0
11257,3
11258,0
11259,0
11260,3
11261,0
11262,0
11263,3
11264,0
11265,0
11266,3
11267,0
11268,0
11269,3
11270,0
11271,0
11272,3
11273,0
11274,0
11275,3
11276,0
11277,0
11278,3
11279,0
11280,0
11281,3
11282,0
11283,0
11284,3
11285,0
11286,0
11287,3
11288,0
11289,0
11290,3
11291,0
11292,0
11293,3
11294,0
11295,0
11296,3
11297,0
11298,0
11299,3
11300,0
11301,0
11302,3
11303,0
11304,0
11305,3
11306,0
11307,0
11308,3
11309,0
11310,0
11311,3
11312,0
11313,0
11314,3
11315,0
11316,0
11317,3
11318,0
11319,0
11320,3
11321,0
11322,0
11323,3
11324,0
11325,0
11326,3
11327,0
11328,0
11329,3
11330,0
11331,0
11332,3
11333,0
11334,0
11335,3
11336,0
11337,0
11338,3
11339,0
11340,0
11341,3
11342,0
11343,0
11344,3
11345,0
11346,0
11347,3
11348,0
11349,0
11350,3
11351,0
11352,0
11353,3
11354,0
11355,0
11356,3
11357,0
11358,0
11359,3
11360,0
11361,0
11362,3
11363,0
11364,0
11365,3
11366,0
11367,0
11368,3
11369,0
11370,0
11371,3
11372,0
11373,0
11374,3
11375,0
11376,0
11377,3
11378,0
11379,0
11380,3
11381,0
11382,0
11383,3
11384,0
11385,0
11386,3
11387,0
11388,0
11389,3
11390,0
11391,0
11392,3
11393,0
11394,0
11395,3
11396,0
11397,0
11398,3
11399,0
11400,0
11401,3
11402,0
11403,0
11404,3
11405,0
11406,0
11407,3
11408,0
11409,0
11410,3
11411,0
11412,0
11413,3
11414,0
11415,0
11416,3
11417,0
11418,0
11419,3
11420,0
11421,0
11422,3
11423,0
11424,0
11425,3
11426,0
11427,0
11428,3
11429,0
11430,0
11431,3
11432,0
11433,0
11434,3
11435,0
11436,0
11437,3
11438,0
11439,0
11440,3
11441,0
11442,0
11443,3
11444,0
11445,0
11446,3
11447,0
11448,0
11449,3
11450,0
11451,0
11452,3
11453,0
11454,0
11455,3
11456,0
11457,0
11458,3
11459,0
11460,0
11461,3
11462,0
11463,0
11464,3
11465,0
11466,0
11467,3
11468,0
11469,0
11470,3
11471,0
11472,0
11473,3
11474,0
11475,0
11476,3
11477,0
11478,0
11479,3
11480,0
11481,0
11482,3
11483,0
11484,0
11485,3
11486,0
11487,0
11488,3
11489,0
11490,0
11491,3
11492,0
11493,0
11494,3
11495,0
11496,0
11497,3
11498,0
11499,0
11500,3
11501,0
11502,0
11503,3
11504,0
11505,0
11506,3
11507,0
11508,0
11509,3
11510,0
11511,0
11512,3
11513,0
11514,0
11515,3
11516,0
11517,0
11518,3
11519,0
11520,0
11521,3
11522,0
11523,0
11524,3
11525,0
11526,0
11527,3
11528,0
11529,0
11530,3
11531,0
11532,0
11533,3
11534,0
11535,0
11536,3
11537,0
11538,0
11539,3
11540,0
11541,0
11542,3
11543,0
11544,0
11545,3
11546,0
11547,0
11548,3
11549,0
11550,0
11551,3
11552,0
11553,0
11554,3
11555,0
11556,0
11557,3
11558,0
11559,0
11560,3
11561,0
11562,0
11563,3
11564,0
11565,0
11566,3
11567,0
11568,0
11569,3
11570,0
11571,0
11572,3
11573,0
11574,0
11575,3
11576,0
11577,0
11578,3
11579,0
11580,0
11581,3
11582,0
11583,0
11584,3
11585,0
11586,0
11587,3
11588,0
11589,0
11590,3
11591,0
11592,0
11593,3
11594,0
11595,0
11596,3
11597,0
11598,0
11599,3
11600,0
11601,0
11602,3
11603,0
11604,0
11605,3
11606,0
11607,0
11608,3
11609,0
11610,0
11611,3
11612,0
11613,0
11614,3
11615,0
11616,0
11617,3
11618,0
11619,0
11620,3
11621,0
11622,0
11623,3
11624,0
11625,0
11626,3
11627,0
11628,0
11629,3
11630,0
11631,0
11632,3
11633,0
11634,0
11635,3
11636,0
11637,0
11638,3
11639,0
11640,0
11641,3
11642,0
11643,0
11644,3
11645,0
11646,0
11647,3
11648,0
11649,0
11650,3
11651,0
11652,0
11653,3
11654,0
11655,0
11656,3
11657,0
11658,0
11659,3
11660,0
11661,0
11662,3
11663,0
11664,0
11665,3
11666,0
11667,0
11668,3
11669,0
11670,0
11671,3
11672,0
11673,0
11674,3
11675,0
11676,0
11677,3
11678,0
11679,0
11680,3
11681,0
11682,0
11683,3
11684,0
11685,0
11686,3
11687,0
11688,0
11689,3
11690,0
11691,0
11692,3
11693,0
11694,0
11695,3
11696,0
11697,0
11698,3
11699,0
11700,0
11701,3
11702,0
11703,0
11704,3
11705,0
11706,0
11707,3
11708,0
11709,0
11710,3
11711,0
11712,0
11713,3
11714,0
11715,0
11716,3
11717,0
11718,0
11719,3
11720,0
11721,0
11722,3
11723,0
11724,0
11725,3
11726,0
11727,0
11728,3
11729,0
11730,0
11731,3
11732,0
11733,0
11734,3
11735,0
11736,0
11737,3
11738,0
11739,0
11740,3
11741,0
11742,0
11743,3
11744,0
11745,0
11746,3
11747,0
11748,0
11749,3
11750,0
11751,0
11752,3
11753,0
11754,0
11755,3
11756,0
11757,0
11758,3
11759,0
11760,0
11761,3
11762,0
11763,0
11764,3
11765,0
11766,0
11767,3
11768,0
11769,0
11770,3
11771,0
11772,0
11773,3
11774,0
11775,0
11776,3
11777,0
11778,0
11779,3
11780,0
11781,0
11782,3
11783,0
11784,0
11785,3
11786,0
11787,0
11788,3
11789,0
11790,0
11791,3
11792,0
11793,0
11794,3
11795,0
11796,0
11797,3
11798,0
11799,0
11800,3
11801,0
11802,0
11803,3
11804,0
11805,0
11806,3
11807,0
11808,0
11809,3
11810,0
11811,0
11812,3
11813,0
11814,0
11815,3
11816,0
11817,0
11818,3
11819,0
11820,0
11821,3
11822,0
11823,0
11824,3
11825,0
11826,0
11827,3
11828,0
11829,0
11830,3
11831,0
11832,0
11833,3
11834,0
11835,0
11836,3
11837,0
11838,0
11839,3
11840,0
11841,0
11842,3
11843,0
11844,0
11845,3
11846,0
11847,0
11848,3
11849,0
11850,0
11851,3
11852,0
11853,0
11854,3
11855,0
11856,0
11857,3
11858,0
11859,0
11860,3
11861,0
11862,0
11863,3
11864,0
11865,0
11866,3
11867,0
11868,0
11869,3
11870,0
11871,0
11872,3
11873,0
11874,0
11875,3
11876,0
11877,0
11878,3
11879,0
11880,0
11881,3
11882,0
11883,0
11884,3
11885,0
11886,0
11887,3
11888,0
11889,0
11890,3
11891,0
11892,0
11893,3
11894,0
11895,0
11896,3
11897,0
11898,0
11899,3
11900,0
11901,0
11902,3
11903,0
11904,0
11905,3
11906,0
11907,0
11908,3
11909,0
11910,0
11911,3
11912,0
11913,0
11914,3
11915,0
11916,0
11917,3
11918,0
11919,0
11920,3
11921,0
11922,0
11923,3
11924,0
11925,0
11926,3
11927,0
11928,0
11929,3
11930,0
11931,0
11932,3
11933,0
11934,0
11935,3
11936,0
11937,0
11938,3
11939,0
11940,0
11941,3
11942,0
11943,0
11944,3
11945,0
11946,0
11947,3
11948,0
11949,0
11950,3
11951,0
11952,0
11953,3
11954,0
11955,0
11956,3
11957,0
11958,0
11959,3
11960,0
11961,0
11962,3
11963,0
11964,0
11965,3
11966,0
11967,0
11968,3
11969,0
11970,0
11971,3
11972,0
11973,0
11974,3
11975,0
11976,0
11977,3
11978,0
11979,0
11980,3
11981,0
11982,0
11983,3
11984,0
11985,0
11986,3
11987,0
11988,0
11989,3
11990,0
11991,0
11992,3
11993,0
11994,0
11995,3
11996,0
11997,0
11998,3
11999,0
12000,0
12001,3
12002,0
12003,0
12004,3
12005,0
12006,0
12007,3
12008,0
12009,0
12010,3
12011,0
12012,0
12013,3
12014,0
12015,0
12016,3
12017,0
12018,0
12019,3
12020,0
12021,0
12022,3
12023,0
12024,0
12025,3
12026,0
12027,0
12028,3
12029,0
12030,0
12031,3
12032,0
12033,0
12034,3
12035,0
12036,0
12037,3
12038,0
12039,0
12040,3
12041,0
12042,0
12043,3
12044,0
12045,0
12046,3
12047,0
12048,0
12049,3
12050,0
12051,0
12052,3
12053,0
12054,0
12055,3
12056,0
12057,0
12058,3
12059,0
12060,0
12061,3
12062,0
12063,0
12064,3
12065,0
12066,0
12067,3
12068,0
12069,0
12070,3
12071,0
12072,0
12073,3
12074,0
12075,0
12076,3
12077,0
12078,0
12079,3
12080,0
12081,0
12082,3
12083,0
12084,0
12085,3
12086,0
12087,0
12088,3
12089,0
12090,0
12091,3
12092,0
12093,0
12094,3
12095,0
12096,0
12097,3
12098,0
12099,0
12100,3
12101,0
12102,0
12103,3
12104,0
12105,0
12106,3
12107,0
12108,0
12109,3
12110,0
12111,0
12112,3
12113,0
12114,0
12115,3
12116,0
12117,0
12118,3
12119,0
12120,0
12121,3
12122,0
12123,0
12124,3
12125,0
12126,0
12127,3
12128,0
12129,0
12130,3
12131,0
12132,0
12133,3
12134,0
12135,0
12136,3
12137,0
12138,0
12139,3
12140,0
12141,0
12142,3
12143,0
12144,0
12145,3
12146,0
12147,0
12148,3
12149,0
12150,0
12151,3
12152,0
12153,0
12154,3
12155,0
12156,0
12157,3
12158,0
12159,0
12160,3
12161,0
12162,0
12163,3
12164,0
12165,0
12166,3
12167,0
12168,0
12169,3
12170,0
12171,0
12172,3
12173,0
12174,0
12175,3
12176,0
12177,0
12178,3
12179,0
12180,0
12181,3
12182,0
12183,0
12184,3
12185,0
12186,0
12187,3
12188,0
12189,0
12190,3
12191,0
12192,0
12193,3
12194,0
12195,0
12196,3
12197,0
12198,0
12199,3
12200,0
12201,0
12202,3
12203,0
12204,0
12205,3
12206,0
12207,0
12208,3
12209,0
12210,0
12211,3
12212,0
12213,0
12214,3
12215,0
12216,0
12217,3
12218,0
12219,0
12220,3
12221,0
12222,0
12223,3
12224,0
12225,0
12226,3
12227,0
12228,0
12229,3
12230,0
12231,0
12232,3
12233,0
12234,0
12235,3
12236,0
12237,0
12238,3
12239,0
12240,0
12241,3
12242,0
12243,0
12244,3
12245,0
12246,0
12247,3
12248,0
12249,0
12250,3
12251,0
12252,0
12253,3
12254,0
12255,0
12256,3
12257,0
12258,0
12259,3
12260,0
12261,0
12262,3
12263,0
12264,0
12265,3
12266,0
12267,0
12268,3
12269,0
12270,0
12271,3
12272,0
12273,0
12274,3
12275,0
12276,0
12277,3
12278,0
12279,0
12280,3
12281,0
12282,0
12283,3
12284,0
12285,0
12286,3
12287,0
12288,0
12289,3
12290,0
12291,0
12292,3
12293,0
12294,0
12295,3
12296,0
12297,0
12298,3
12299,0
12300,0
12301,3
12302,0
12303,0
12304,3
12305,0
12306,0
12307,3
12308,0
12309,0
12310,3
12311,0
12312,0
12313,3
12314,0
12315,0
12316,3
12317,0
12318,0
12319,3
12320,0
12321,0
12322,3
12323,0
12324,0
12325,3
12326,0
12327,0
12328,3
12329,0
12330,0
12331,3
12332,0
12333,0
12334,3
12335,0
12336,0
12337,3
12338,0
12339,0
12340,3
12341,0
12342,0
12343,3
12344,0
12345,0
12346,3
12347,0
12348,0
12349,3
12350,0
12351,0
12352,3
12353,0
12354,0
12355,3
12356,0
12357,0
12358,3
12359,0
12360,0
12361,3
12362,0
12363,0
12364,3
12365,0
12366,0
12367,3
12368,0
12369,0
12370,3
12371,0
12372,0
12373,3
12374,0
12375,0
12376,3
12377,0
12378,0
12379,3
12380,0
12381,0
12382,3
12383,0
12384,0
12385,3
12386,0
12387,0
12388,3
12389,0
12390,0
12391,3
12392,0
12393,0
12394,3
12395,0
12396,0
12397,3
12398,0
12399,0
12400,3
12401,0
12402,0
12403,3
12404,0
12405,0
12406,3
12407,0
12408,0
12409,3
12410,0
12411,0
12412,3
12413,0
12414,0
12415,3
12416,0
12417,0
12418,3
12419,0
12420,0
12421,3
12422,0
12423,0
12424,3
12425,0
12426,0
12427,3
12428,0
12429,0
12430,3
12431,0
12432,0
12433,3
12434,0
12435,0
12436,3
12437,0
12438,0
12439,3
12440,0
12441,0
12442,3
12443,0
12444,0
12445,3
12446,0
12447,0
12448,3
12449,0
12450,0
12451,3
12452,0
12453,0
12454,3
12455,0
12456,0
12457,3
12458,0
12459,0
12460,3
12461,0
12462,0
12463,3
12464,0
12465,0
12466,3
12467,0
12468,0
12469,3
12470,0
12471,0
12472,3
12473,0
12474,0
12475,3
12476,0
12477,0
12478,3
12479,0
12480,0
12481,3
12482,0
12483,0
12484,3
12485,0
12486,0
12487,3
12488,0
12489,0
12490,3
12491,0
12492,0
12493,3
12494,0
12495,0
12496,3
12497,0
12498,0
12499,3
12500,0
12501,0
12502,3
12503,0
12504,0
12505,3
12506,0
12507,0
12508,3
12509,0
12510,0
12511,3
12512,0
12513,0
12514,3
12515,0
12516,0
12517,3
12518,0
12519,0
12520,3
12521,0
12522,0
12523,3
12524,0
12525,0
12526,3
12527,0
12528,0
12529,3
12530,0
12531,0
12532,3
12533,0
12534,0
12535,3
12536,0
12537,0
12538,3
12539,0
12540,0
12541,3
12542,0
12543,0
12544,3
12545,0
12546,0
12547,3
12548,0
12549,0
12550,3
12551,0
12552,0
12553,3
12554,0
12555,0
12556,3
12557,0
12558,0
12559,3
12560,0
12561,0
12562,3
12563,0
12564,0
12565,3
12566,0
12567,0
12568,3
12569,0
12570,0
12571,3
12572,0
12573,0
12574,3
12575,0
12576,0
12577,3
12578,0
12579,0
12580,3
12581,0
12582,0
12583,3
12584,0
12585,0
12586,3
12587,0
12588,0
12589,3
12590,0
12591,0
12592,3
12593,0
12594,0
12595,3
12596,0
12597,0
12598,3
12599,0
12600,0
12601,3
12602,0
12603,0
12604,3
12605,0
12606,0
12607,3
12608,0
12609,0
12610,3
12611,0
12612,0
12613,3
12614,0
12615,0
12616,3
12617,0
12618,0
12619,3
12620,0
12621,0
12622,3
12623,0
12624,0
12625,3
12626,0
12627,0
12628,3
12629,0
12630,0
12631,3
12632,0
12633,0
12634,3
12635,0
12636,0
12637,3
12638,0
12639,0
12640,3
12641,0
12642,0
12643,3
12644,0
12645,0
12646,3
12647,0
12648,0
12649,3
12650,0
12651,0
12652,3
12653,0
12654,0
12655,3
12656,0
12657,0
12658,3
12659,0
12660,0
12661,3
12662,0
12663,0
12664,3
12665,0
12666,0
12667,3
12668,0
12669,0
12670,3
12671,0
12672,0
12673,3
12674,0
12675,0
12676,3
12677,0
12678,0
12679,3
12680,0
12681,0
12682,3
12683,0
12684,0
12685,3
12686,0
12687,0
12688,3
12689,0
12690,0
12691,3
12692,0
12693,0
12694,3
12695,0
12696,0
12697,3
12698,0
12699,0
12700,3
12701,0
12702,0
12703,3
12704,0
12705,0
12706,3
12707,0
12708,0
12709,3
12710,0
12711,0
12712,3
12713,0
12714,0
12715,3
12716,0
12717,0
12718,3
12719,0
12720,0
12721,3
12722,0
12723,0
12724,3
12725,0
12726,0
12727,3
12728,0
12729,0
12730,3
12731,0
12732,0
12733,3
12734,0
12735,0
12736,3
12737,0
12738,0
12739,3
12740,0
12741,0
12742,3
12743,0
12744,0
12745,3
12746,0
12747,0
12748,3
12749,0
12750,0
12751,3
12752,0
12753,0
12754,3
12755,0
12756,0
12757,3
12758,0
12759,0
12760,3
12761,0
12762,0
12763,3
12764,0
12765,0
12766,3
12767,0
12768,0
12769,3
12770,0
12771,0
12772,3
12773,0
12774,0
12775,3
12776,0
12777,0
12778,3
12779,0
12780,0
12781,3
12782,0
12783,0
12784,3
12785,0
12786,0
12787,3
12788,0
12789,0
12790,3
12791,0
12792,0
12793,3
12794,0
12795,0
12796,3
12797,0
12798,0
12799,3
12800,0
12801,0
12802,3
12803,0
12804,0
12805,3
12806,0
12807,0
12808,3
12809,0
12810,0
12811,3
12812,0
12813,0
12814,3
12815,0
12816,0
12817,3
12818,0
12819,0
12820,3
12821,0
12822,0
12823,3
12824,0
12825,0
12826,3
12827,0
12828,0
12829,3
12830,0
12831,0
12832,3
12833,0
12834,0
12835,3
12836,0
12837,0
12838,3
12839,0
12840,0
12841,3
12842,0
12843,0
12844,3
12845,0
12846,0
12847,3
12848,0
12849,0
12850,3
12851,0
12852,0
12853,3
12854,0
12855,0
12856,3
12857,0
12858,0
12859,3
12860,0
12861,0
12862,3
12863,0
12864,0
12865,3
12866,0
12867,0
12868,3
12869,0
12870,0
12871,3
12872,0
12873,0
12874,3
12875,0
12876,0
12877,3
12878,0
12879,0
12880,3
12881,0
12882,0
12883,3
12884,0
12885,0
12886,3
12887,0
12888,0
12889,3
12890,0
12891,0
12892,3
12893,0
12894,0
12895,3
12896,0
12897,0
12898,3
12899,0
12900,0
12901,3
12902,0
12903,0
12904,3
12905,0
12906,0
12907,3
12908,0
12909,0
12910,3
12911,0
12912,0
12913,3
12914,0
12915,0
12916,3
12917,0
12918,0
12919,3
12920,0
12921,0
12922,3
12923,0
12924,0
12925,3
12926,0
12927,0
12928,3
12929,0
12930,0
12931,3
12932,0
12933,0
12934,3
12935,0
12936,0
12937,3
12938,0
12939,0
12940,3
12941,0
12942,0
12943,3
12944,0
12945,0
12946,3
12947,0
12948,0
12949,3
12950,0
12951,0
12952,3
12953,0
12954,0
12955,3
12956,0
12957,0
12958,3
12959,0
12960,0
12961,3
12962,0
12963,0
12964,3
12965,0
12966,0
12967,3
12968,0
12969,0
12970,3
12971,0
12972,0
12973,3
12974,0
12975,0
12976,3
12977,0
12978,0
12979,3
12980,0
12981,0
12982,3
12983,0
12984,0
12985,3
12986,0
12987,0
12988,3
12989,0
12990,0
12991,3
12992,0
12993,0
12994,3
12995,0
12996,0
12997,3
12998,0
12999,0
13000,3
13001,0
13002,0
13003,3
13004,0
13005,0
13006,3
13007,0
13008,0
13009,3
13010,0
13011,0
13012,3
13013,0
13014,0
13015,3
13016,0
13017,0
13018,3
13019,0
13020,0
13021,3
13022,0
13023,0
13024,3
13025,0
13026,0
13027,3
13028,0
13029,0
13030,3
13031,0
13032,0
13033,3
13034,0
13035,0
13036,3
13037,0
13038,0
13039,3
13040,0
13041,0
13042,3
13043,0
13044,0
13045,3
13046,0
13047,0
13048,3
13049,0
13050,0
13051,3
13052,0
13053,0
13054,3
13055,0
13056,0
13057,3
13058,0
13059,0
13060,3
13061,0
13062,0
13063,3
13064,0
13065,0
13066,3
13067,0
13068,0
13069,3
13070,0
13071,0
13072,3
13073,0
13074,0
13075,3
13076,0
13077,0
13078,3
13079,0
13080,0
13081,3
13082,0
13083,0
13084,3
13085,0
13086,0
13087,3
13088,0
13089,0
13090,3
13091,0
13092,0
13093,3
13094,0
13095,0
13096,3
13097,0
13098,0
13099,3
13100,0
13101,0
13102,3
13103,0
13104,0
13105,3
13106,0
13107,0
13108,3
13109,0
13110,0
13111,3
13112,0
13113,0
13114,3
13115,0
13116,0
13117,3
13118,0
13119,0
13120,3
13121,0
13122,0
13123,3
13124,0
13125,0
13126,3
13127,0
13128,0
13129,3
13130,0
13131,0
13132,3
13133,0
13134,0
13135,3
13136,0
13137,0
13138,3
13139,0
13140,0
13141,3
13142,0
13143,0
13144,3
13145,0
13146,0
13147,3
13148,0
13149,0
13150,3
13151,0
13152,0
13153,3
13154,0
13155,0
13156,3
13157,0
13158,0
13159,3
13160,0
13161,0
13162,3
13163,0
13164,0
13165,3
13166,0
13167,0
13168,3
13169,0
13170,0
13171,3
13172,0
13173,0
13174,3
13175,0
13176,0
13177,3
13178,0
13179,0
13180,3
13181,0
13182,0
13183,3
13184,0
13185,0
13186,3
13187,0
13188,0
13189,3
13190,0
13191,0
13192,3
13193,0
13194,0
13195,3
13196,0
13197,0
13198,3
13199,0
13200,0
13201,3
13202,0
13203,0
13204,3
13205,0
13206,0
13207,3
13208,0
13209,0
13210,3
13211,0
13212,0
13213,3
13214,0
13215,0
13216,3
13217,0
13218,0
13219,3
13220,0
13221,0
13222,3
13223,0
13224,0
13225,3
13226,0
13227,0
13228,3
13229,0
13230,0
13231,3
13232,0
13233,0
13234,3
13235,0
13236,0
13237,3
13238,0
13239,0
13240,3
13241,0
13242,0
13243,3
13244,0
13245,0
13246,3
13247,0
13248,0
13249,3
13250,0
13251,0
13252,3
13253,0
13254,0
13255,3
13256,0
13257,0
13258,3
13259,0
13260,0
13261,3
13262,0
13263,0
13264,3
13265,0
13266,0
13267,3
13268,0
13269,0
13270,3
13271,0
13272,0
13273,3
13274,0
13275,0
13276,3
13277,0
13278,0
13279,3
13280,0
13281,0
13282,3
13283,0
13284,0
13285,3
13286,0
13287,0
13288,3
13289,0
13290,0
13291,3
13292,0
13293,0
13294,3
13295,0
13296,0
13297,3
13298,0
13299,0
13300,3
13301,0
13302,0
13303,3
13304,0
13305,0
13306,3
13307,0
13308,0
13309,3
13310,0
13311,0
13312,3
13313,0
13314,0
13315,3
13316,0
13317,0
13318,3
13319,0
13320,0
13321,3
13322,0
13323,0
13324,3
13325,0
13326,0
13327,3
13328,0
13329,0
13330,3
13331,0
13332,0
13333,3
13334,0
13335,0
13336,3
13337,0
13338,0
13339,3
13340,0
13341,0
13342,3
13343,0
13344,0
13345,3
13346,0
13347,0
13348,3
13349,0
13350,0
13351,3
13352,0
13353,0
13354,3
13355,0
13356,0
13357,3
13358,0
13359,0
13360,3
13361,0
13362,0
13363,3
13364,0
13365,0
13366,3
13367,0
13368,0
13369,3
13370,0
13371,0
13372,3
13373,0
13374,0
13375,3
13376,0
13377,0
13378,3
13379,0
13380,0
13381,3
13382,0
13383,0
13384,3
13385,0
13386,0
13387,3
13388,0
13389,0
13390,3
13391,0
13392,0
13393,3
13394,0
13395,0
13396,3
13397,0
13398,0
13399,3
13400,0
13401,0
13402,3
13403,0
13404,0
13405,3
13406,0
13407,0
13408,3
13409,0
13410,0
13411,3
13412,0
13413,0
13414,3
13415,0
13416,0
13417,3
13418,0
13419,0
13420,3
13421,0
13422,0
13423,3
13424,0
13425,0
13426,3
13427,0
13428,0
13429,3
13430,0
13431,0
13432,3
13433,0
13434,0
13435,3
13436,0
13437,0
13438,3
13439,0
13440,0
13441,3
13442,0
13443,0
13444,3
13445,0
13446,0
13447,3
13448,0
13449,0
13450,3
13451,0
13452,0
13453,3
13454,0
13455,0
13456,3
13457,0
13458,0
13459,3
13460,0
13461,0
13462,3
13463,0
13464,0
13465,3
13466,0
13467,0
13468,3
13469,0
13470,0
13471,3
13472,0
13473,0
13474,3
13475,0
13476,0
13477,3
13478,0
13479,0
13480,3
13481,0
13482,0
13483,3
13484,0
13485,0
13486,3
13487,0
13488,0
13489,3
13490,0
13491,0
13492,3
13493,0
13494,0
13495,3
13496,0
13497,0
13498,3
13499,0
13500,0
13501,3
13502,0
13503,0
13504,3
13505,0
13506,0
13507,3
13508,0
13509,0
13510,3
13511,0
13512,0
13513,3
13514,0
13515,0
13516,3
13517,0
13518,0
13519,3
13520,0
13521,0
13522,3
13523,0
13524,0
13525,3
13526,0
13527,0
13528,3
13529,0
13530,0
13531,3
13532,0
13533,0
13534,3
13535,0
13536,0
13537,3
13538,0
13539,0
13540,3
13541,0
13542,0
13543,3
13544,0
13545,0
13546,3
13547,0
13548,0
13549,3
13550,0
13551,0
13552,3
13553,0
13554,0
13555,3
13556,0
13557,0
13558,3
13559,0
13560,0
13561,3
13562,0
13563,0
13564,3
13565,0
13566,0
13567,3
13568,0
13569,0
13570,3
13571,0
13572,0
13573,3
13574,0
13575,0
13576,3
13577,0
13578,0
13579,3
13580,0
13581,0
13582,3
13583,0
13584,0
13585,3
13586,0
13587,0
13588,3
13589,0
13590,0
13591,3
13592,0
13593,0
13594,3
13595,0
13596,0
13597,3
13598,0
13599,0
13600,3
13601,0
13602,0
13603,3
13604,0
13605,0
13606,3
13607,0
13608,0
13609,3
13610,0
13611,0
13612,3
13613,0
13614,0
13615,3
13616,0
13617,0
13618,3
13619,0
13620,0
13621,3
13622,0
13623,0
13624,3
13625,0
13626,0
13627,3
13628,0
13629,0
13630,3
13631,0
13632,0
13633,3
13634,0
13635,0
13636,3
13637,0
13638,0
13639,3
13640,0
13641,0
13642,3
13643,0
13644,0
13645,3
13646,0
13647,0
13648,3
13649,0
13650,0
13651,3
13652,0
13653,0
13654,3
13655,0
13656,0
13657,3
13658,0
13659,0
13660,3
13661,0
13662,0
13663,3
13664,0
13665,0
13666,3
13667,0
13668,0
13669,3
13670,0
13671,0
13672,3
13673,0
13674,0
13675,3
13676,0
13677,0
13678,3
13679,0
13680,0
13681,3
13682,0
13683,0
13684,3
13685,0
13686,0
13687,3
13688,0
13689,0
13690,3
13691,0
13692,0
13693,3
13694,0
13695,0
13696,3
13697,0
13698,0
13699,3
13700,0
13701,0
13702,3
13703,0
13704,0
13705,3
13706,0
13707,0
13708,3
13709,0
13710,0
13711,3
13712,0
13713,0
13714,3
13715,0
13716,0
13717,3
13718,0
13719,0
13720,3
13721,0
13722,0
13723,3
13724,0
13725,0
13726,3
13727,0
13728,0
13729,3
13730,0
13731,0
13732,3
13733,0
13734,0
13735,3
13736,0
13737,0
13738,3
13739,0
13740,0
13741,3
13742,0
13743,0
13744,3
13745,0
13746,0
13747,3
13748,0
13749,0
13750,3
13751,0
13752,0
13753,3
13754,0
13755,0
13756,3
13757,0
13758,0
13759,3
13760,0
13761,0
13762,3
13763,0
13764,0
13765,3
13766,0
13767,0
13768,3
13769,0
13770,0
13771,3
13772,0
13773,0
13774,3
13775,0
13776,0
13777,3
13778,0
13779,0
13780,3
13781,0
13782,0
13783,3
13784,0
13785,0
13786,3
13787,0
13788,0
13789,3
13790,0
13791,0
13792,3
13793,0
13794,0
13795,3
13796,0
13797,0
13798,3
13799,0
13800,0
13801,3
13802,0
13803,0
13804,3
13805,0
13806,0
13807,3
13808,0
13809,0
13810,3
13811,0
13812,0
13813,3
13814,0
13815,0
13816,3
13817,0
13818,0
13819,3
13820,0
13821,0
13822,3
13823,0
13824,0
13825,3
13826,0
13827,0
13828,3
13829,0
13830,0
13831,3
13832,0
13833,0
13834,3
13835,0
13836,0
13837,3
13838,0
13839,0
13840,3
13841,0
13842,0
13843,3
13844,0
13845,0
13846,3
13847,0
13848,0
13849,3
13850,0
13851,0
13852,3
13853,0
13854,0
13855,3
13856,0
13857,0
13858,3
13859,0
13860,0
13861,3
13862,0
13863,0
13864,3
13865,0
13866,0
13867,3
13868,0
13869,0
13870,3
13871,0
13872,0
13873,3
13874,0
13875,0
13876,3
13877,0
13878,0
13879,3
13880,0
13881,0
13882,3
13883,0
13884,0
13885,3
13886,0
13887,0
13888,3
13889,0
13890,0
13891,3
13892,0
13893,0
13894,3
13895,0
13896,0
13897,3
13898,0
13899,0
13900,3
13901,0
13902,0
13903,3
13904,0
13905,0
13906,3
13907,0
13908,0
13909,3
13910,0
13911,0
13912,3
13913,0
13914,0
13915,3
13916,0
13917,0
13918,3
13919,0
13920,0
13921,3
13922,0
13923,0
13924,3
13925,0
13926,0
13927,3
13928,0
13929,0
13930,3
13931,0
13932,0
13933,3
13934,0
13935,0
13936,3
13937,0
13938,0
13939,3
13940,0
13941,0
13942,3
13943,0
13944,0
13945,3
13946,0
13947,0
13948,3
13949,0
13950,0
13951,3
13952,0
13953,0
13954,3
13955,0
13956,0
13957,3
13958,0
13959,0
13960,3
13961,0
13962,0
13963,3
13964,0
13965,0
13966,3
13967,0
13968,0
13969,3
13970,0
13971,0
13972,3
13973,0
13974,0
13975,3
13976,0
13977,0
13978,3
13979,0
13980,0
13981,3
13982,0
13983,0
13984,3
13985,0
13986,0
13987,3
13988,0
13989,0
13990,3
13991,0
13992,0
13993,3
13994,0
13995,0
13996,3
13997,0
13998,0
13999,3
14000,0
14001,0
14002,3
14003,0
14004,0
14005,3
14006,0
14007,0
14008,3
14009,0
14010,0
14011,3
14012,0
14013,0
14014,3
14015,0
14016,0
14017,3
14018,0
14019,0
14020,3
14021,0
14022,0
14023,3
14024,0
14025,0
14026,3
14027,0
14028,0
14029,3
14030,0
14031,0
14032,3
14033,0
14034,0
14035,3
14036,0
14037,0
14038,3
14039,0
14040,0
14041,3
14042,0
14043,0
14044,3
14045,0
14046,0
14047,3
14048,0
14049,0
14050,3
14051,0
14052,0
14053,3
14054,0
14055,0
14056,3
14057,0
14058,0
14059,3
14060,0
14061,0
14062,3
14063,0
14064,0
14065,3
14066,0
14067,0
14068,3
14069,0
14070,0
14071,3
14072,0
14073,0
14074,3
14075,0
14076,0
14077,3
14078,0
14079,0
14080,3
14081,0
14082,0
14083,3
14084,0
14085,0
14086,3
14087,0
14088,0
14089,3
14090,0
14091,0
14092,3
14093,0
14094,0
14095,3
14096,0
14097,0
14098,3
14099,0
14100,0
14101,3
14102,0
14103,0
14104,3
14105,0
14106,0
14107,3
14108,0
14109,0
14110,3
14111,0
14112,0
14113,3
14114,0
14115,0
14116,3
14117,0
14118,0
14119,3
14120,0
14121,0
14122,3
14123,0
14124,0
14125,3
14126,0
14127,0
14128,3
14129,0
14130,0
14131,3
14132,0
14133,0
14134,3
14135,0
14136,0
14137,3
14138,0
14139,0
14140,3
14141,0
14142,0
14143,3
14144,0
14145,0
14146,3
14147,0
14148,0
14149,3
14150,0
14151,0
14152,3
14153,0
14154,0
14155,3
14156,0
14157,0
14158,3
14159,0
14160,0
14161,3
14162,0
14163,0
14164,3
14165,0
14166,0
14167,3
14168,0
14169,0
14170,3
14171,0
14172,0
14173,3
14174,0
14175,0
14176,3
14177,0
14178,0
14179,3
14180,0
14181,0
14182,3
14183,0
14184,0
14185,3
14186,0
14187,0
14188,3
14189,0
14190,0
14191,3
14192,0
14193,0
14194,3
14195,0
14196,0
14197,3
14198,0
14199,0
14200,3
14201,0
14202,0
14203,3
14204,0
14205,0
14206,3
14207,0
14208,0
14209,3
14210,0
14211,0
14212,3
14213,0
14214,0
14215,3
14216,0
14217,0
14218,3
14219,0
14220,0
14221,3
14222,0
14223,0
14224,3
14225,0
14226,0
14227,3
14228,0
14229,0
14230,3
14231,0
14232,0
14233,3
14234,0
14235,0
14236,3
14237,0
14238,0
14239,3
14240,0
14241,0
14242,3
14243,0
14244,0
14245,3
14246,0
14247,0
14248,3
14249,0
14250,0
14251,3
14252,0
14253,0
14254,3
14255,0
14256,0
14257,3
14258,0
14259,0
14260,3
14261,0
14262,0
14263,3
14264,0
14265,0
14266,3
14267,0
14268,0
14269,3
14270,0
14271,0
14272,3
14273,0
14274,0
14275,3
14276,0
14277,0
14278,3
14279,0
14280,0
14281,3
14282,0
14283,0
14284,3
14285,0
14286,0
14287,3
14288,0
14289,0
14290,3
14291,0
14292,0
14293,3
14294,0
14295,0
14296,3
14297,0
14298,0
14299,3
14300,0
14301,0
14302,3
14303,0
14304,0
14305,3
14306,0
14307,0
14308,3
14309,0
14310,0
14311,3
14312,0
14313,0
14314,3
14315,0
14316,0
14317,3
14318,0
14319,0
14320,3
14321,0
14322,0
14323,3
14324,0
14325,0
14326,3
14327,0
14328,0
14329,3
14330,0
14331,0
14332,3
14333,0
14334,0
14335,3
14336,0
14337,0
14338,3
14339,0
14340,0
14341,3
14342,0
14343,0
14344,3
14345,0
14346,0
14347,3
14348,0
14349,0
14350,3
14351,0
14352,0
14353,3
14354,0
14355,0
14356,3
14357,0
14358,0
14359,3
14360,0
14361,0
14362,3
14363,0
14364,0
14365,3
14366,0
14367,0
14368,3
14369,0
14370,0
14371,3
14372,0
14373,0
14374,3
14375,0
14376,0
14377,3
14378,0
14379,0
14380,3
14381,0
14382,0
14383,3
14384,0
14385,0
14386,3
14387,0
14388,0
14389,3
14390,0
14391,0
14392,3
14393,0
14394,0
14395,3
14396,0
14397,0
14398,3
14399,0
14400,0
14401,3
14402,0
14403,0
14404,3
14405,0
14406,0
14407,3
14408,0
14409,0
14410,3
14411,0
14412,0
14413,3
14414,0
14415,0
14416,3
14417,0
14418,0
14419,3
14420,0
14421,0
14422,3
14423,0
14424,0
14425,3
14426,0
14427,0
14428,3
14429,0
14430,0
14431,3
14432,0
14433,0
14434,3
14435,0
14436,0
14437,3
14438,0
14439,0
14440,3
14441,0
14442,0
14443,3
14444,0
14445,0
14446,3
14447,0
14448,0
14449,3
14450,0
14451,0
14452,3
14453,0
14454,0
14455,3
14456,0
14457,0
14458,3
14459,0
14460,0
14461,3
14462,0
14463,0
14464,3
14465,0
14466,0
14467,3
14468,0
14469,0
14470,3
14471,0
14472,0
14473,3
14474,0
14475,0
14476,3
14477,0
14478,0
14479,3
14480,0
14481,0
14482,3
14483,0
14484,0
14485,3
14486,0
14487,0
14488,3
14489,0
14490,0
14491,3
14492,0
14493,0
14494,3
14495,0
14496,0
14497,3
14498,0
14499,0
14500,3
14501,0
14502,0
14503,3
14504,0
14505,0
14506,3
14507,0
14508,0
14509,3
14510,0
14511,0
14512,3
14513,0
14514,0
14515,3
14516,0
14517,0
14518,3
14519,0
14520,0
14521,3
14522,0
14523,0
14524,3
14525,0
14526,0
14527,3
14528,0
14529,0
14530,3
14531,0
14532,0
14533,3
14534,0
14535,0
14536,3
14537,0
14538,0
14539,3
14540,0
14541,0
14542,3
14543,0
14544,0
14545,3
14546,0
14547,0
14548,3
14549,0
14550,0
14551,3
14552,0
14553,0
14554,3
14555,0
14556,0
14557,3
14558,0
14559,0
14560,3
14561,0
14562,0
14563,3
14564,0
14565,0
14566,3
14567,0
14568,0
14569,3
14570,0
14571,0
14572,3
14573,0
14574,0
14575,3
14576,0
14577,0
14578,3
14579,0
14580,0
14581,3
14582,0
14583,0
14584,3
14585,0
14586,0
14587,3
14588,0
14589,0
14590,3
14591,0
14592,0
14593,3
14594,0
14595,0
14596,3
14597,0
14598,0
14599,3
14600,0
14601,0
14602,3
14603,0
14604,0
14605,3
14606,0
14607,0
14608,3
14609,0
14610,0
14611,3
14612,0
14613,0
14614,3
14615,0
14616,0
14617,3
14618,0
14619,0
14620,3
14621,0
14622,0
14623,3
14624,0
14625,0
14626,3
14627,0
14628,0
14629,3
14630,0
14631,0
14632,3
14633,0
14634,0
14635,3
14636,0
14637,0
14638,3
14639,0
14640,0
14641,3
14642,0
14643,0
14644,3
14645,0
14646,0
14647,3
14648,0
14649,0
14650,3
14651,0
14652,0
14653,3
14654,0
14655,0
14656,3
14657,0
14658,0
14659,3
14660,0
14661,0
14662,3
14663,0
14664,0
14665,3
14666,0
14667,0
14668,3
14669,0
14670,0
14671,3
14672,0
14673,0
14674,3
14675,0
14676,0
14677,3
14678,0
14679,0
14680,3
14681,0
14682,0
14683,3
14684,0
14685,0
14686,3
14687,0
14688,0
14689,3
14690,0
14691,0
14692,3
14693,0
14694,0
14695,3
14696,0
14697,0
14698,3
14699,0
14700,0
14701,3
14702,0
14703,0
14704,3
14705,0
14706,0
14707,3
14708,0
14709,0
14710,3
14711,0
14712,0
14713,3
14714,0
14715,0
14716,3
14717,0
14718,0
14719,3
14720,0
14721,0
14722,3
14723,0
14724,0
14725,3
14726,0
14727,0
14728,3
14729,0
14730,0
14731,3
14732,0
14733,0
14734,3
14735,0
14736,0
14737,3
14738,0
14739,0
14740,3
14741,0
14742,0
14743,3
14744,0
14745,0
14746,3
14747,0
14748,0
14749,3
14750,0
14751,0
14752,3
14753,0
14754,0
14755,3
14756,0
14757,0
14758,3
14759,0
14760,0
14761,3
14762,0
14763,0
14764,3
14765,0
14766,0
14767,3
14768,0
14769,0
14770,3
14771,0
14772,0
14773,3
14774,0
14775,0
14776,3
14777,0
14778,0
14779,3
14780,0
14781,0
14782,3
14783,0
14784,0
14785,3
14786,0
14787,0
14788,3
14789,0
14790,0
14791,3
14792,0
14793,0
14794,3
14795,0
14796,0
14797,3
14798,0
14799,0
14800,3
14801,0
14802,0
14803,3
14804,0
14805,0
14806,3
14807,0
14808,0
14809,3
14810,0
14811,0
14812,3
14813,0
14814,0
14815,3
14816,0
14817,0
14818,3
14819,0
14820,0
14821,3
14822,0
14823,0
14824,3
14825,0
14826,0
14827,3
14828,0
14829,0
14830,3
14831,0
14832,0
14833,3
14834,0
14835,0
14836,3
14837,0
14838,0
14839,3
14840,0
14841,0
14842,3
14843,0
14844,0
14845,3
14846,0
14847,0
14848,3
14849,0
14850,0
14851,3
14852,0
14853,0
14854,3
14855,0
14856,0
14857,3
14858,0
14859,0
14860,3
14861,0
14862,0
14863,3
14864,0
14865,0
14866,3
14867,0
14868,0
14869,3
14870,0
14871,0
14872,3
14873,0
14874,0
14875,3
14876,0
14877,0
14878,3
14879,0
14880,0
14881,3
14882,0
14883,0
14884,3
14885,0
14886,0
14887,3
14888,0
14889,0
14890,3
14891,0
14892,0
14893,3
14894,0
14895,0
14896,3
14897,0
14898,0
14899,3
14900,0
14901,0
14902,3
14903,0
14904,0
14905,3
14906,0
14907,0
14908,3
14909,0
14910,0
14911,3
14912,0
14913,0
14914,3
14915,0
14916,0
14917,3
14918,0
14919,0
14920,3
14921,0
14922,0
14923,3
14924,0
14925,0
14926,3
14927,0
14928,0
14929,3
14930,0
14931,0
14932,3
14933,0
14934,0
14935,3
14936,0
14937,0
14938,3
14939,0
14940,0
14941,3
14942,0
14943,0
14944,3
14945,0
14946,0
14947,3
14948,0
14949,0
14950,3
14951,0
14952,0
14953,3
14954,0
14955,0
14956,3
14957,0
14958,0
14959,3
14960,0
14961,0
14962,3
14963,0
14964,0
14965,3
14966,0
14967,0
14968,3
14969,0
14970,0
14971,3
14972,0
14973,0
14974,3
14975,0
14976,0
14977,3
14978,0
14979,0
14980,3
14981,0
14982,0
14983,3
14984,0
14985,0
14986,3
14987,0
14988,0
14989,3
14990,0
14991,0
14992,3
14993,0
14994,0
14995,3
14996,0
14997,0
14998,3
14999,0
15000,0
15001,3
15002,0
15003,0
15004,3
15005,0
15006,0
15007,3
15008,0
15009,0
15010,3
15011,0
15012,0
15013,3
15014,0
15015,0
15016,3
15017,0
15018,0
15019,3
15020,0
15021,0
15022,3
15023,0
15024,0
15025,3
15026,0
15027,0
15028,3
15029,0
15030,0
15031,3
15032,0
15033,0
15034,3
15035,0
15036,0
15037,3
15038,0
15039,0
15040,3
15041,0
15042,0
15043,3
15044,0
15045,0
15046,3
15047,0
15048,0
15049,3
15050,0
15051,0
15052,3
15053,0
15054,0
15055,3
15056,0
15057,0
15058,3
15059,0
15060,0
15061,3
15062,0
15063,0
15064,3
15065,0
15066,0
15067,3
15068,0
15069,0
15070,3
15071,0
15072,0
15073,3
15074,0
15075,0
15076,3
15077,0
15078,0
15079,3
15080,0
15081,0
15082,3
15083,0
15084,0
15085,3
15086,0
15087,0
15088,3
15089,0
15090,0
15091,3
15092,0
15093,0
15094,3
15095,0
15096,0
15097,3
15098,0
15099,0
15100,3
15101,0
15102,0
15103,3
15104,0
15105,0
15106,3
15107,0
15108,0
15109,3
15110,0
15111,0
15112,3
15113,0
15114,0
15115,3
15116,0
15117,0
15118,3
15119,0
15120,0
15121,3
15122,0
15123,0
15124,3
15125,0
15126,0
15127,3
15128,0
15129,0
15130,3
15131,0
15132,0
15133,3
15134,0
15135,0
15136,3
15137,0
15138,0
15139,3
15140,0
15141,0
15142,3
15143,0
15144,0
15145,3
15146,0
15147,0
15148,3
15149,0
15150,0
15151,3
15152,0
15153,0
15154,3
15155,0
15156,0
15157,3
15158,0
15159,0
15160,3
15161,0
15162,0
15163,3
15164,0
15165,0
15166,3
15167,0
15168,0
15169,3
15170,0
15171,0
15172,3
15173,0
15174,0
15175,3
15176,0
15177,0
15178,3
15179,0
15180,0
15181,3
15182,0
15183,0
15184,3
15185,0
15186,0
15187,3
15188,0
15189,0
15190,3
15191,0
15192,0
15193,3
15194,0
15195,0
15196,3
15197,0
15198,0
15199,3
15200,0
15201,0
15202,3
15203,0
15204,0
15205,3
15206,0
15207,0
15208,3
15209,0
15210,0
15211,3
15212,0
15213,0
15214,3
15215,0
15216,0
15217,3
15218,0
15219,0
15220,3
15221,0
15222,0
15223,3
15224,0
15225,0
15226,3
15227,0
15228,0
15229,3
15230,0
15231,0
15232,3
15233,0
15234,0
15235,3
15236,0
15237,0
15238,3
15239,0
15240,0
15241,3
15242,0
15243,0
15244,3
15245,0
15246,0
15247,3
15248,0
15249,0
15250,3
15251,0
15252,0
15253,3
15254,0
15255,0
15256,3
15257,0
15258,0
15259,3
15260,0
15261,0
15262,3
15263,0
15264,0
15265,3
15266,0
15267,0
15268,3
15269,0
15270,0
15271,3
15272,0
15273,0
15274,3
15275,0
15276,0
15277,3
15278,0
15279,0
15280,3
15281,0
15282,0
15283,3
15284,0
15285,0
15286,3
15287,0
15288,0
15289,3
15290,0
15291,0
15292,3
15293,0
15294,0
15295,3
15296,0
15297,0
15298,3
15299,0
15300,0
15301,3
15302,0
15303,0
15304,3
15305,0
15306,0
15307,3
15308,0
15309,0
15310,3
15311,0
15312,0
15313,3
15314,0
15315,0
15316,3
15317,0
15318,0
15319,3
15320,0
15321,0
15322,3
15323,0
15324,0
15325,3
15326,0
15327,0
15328,3
15329,0
15330,0
15331,3
15332,0
15333,0
15334,3
15335,0
15336,0
15337,3
15338,0
15339,0
15340,3
15341,0
15342,0
15343,3
15344,0
15345,0
15346,3
15347,0
15348,0
15349,3
15350,0
15351,0
15352,3
15353,0
15354,0
15355,3
15356,0
15357,0
15358,3
15359,0
15360,0
15361,3
15362,0
15363,0
15364,3
15365,0
15366,0
15367,3
15368,0
15369,0
15370,3
15371,0
15372,0
15373,3
15374,0
15375,0
15376,3
15377,0
15378,0
15379,3
15380,0
15381,0
15382,3
15383,0
15384,0
15385,3
15386,0
15387,0
15388,3
15389,0
15390,0
15391,3
15392,0
15393,0
15394,3
15395,0
15396,0
15397,3
15398,0
15399,0
15400,3
15401,0
15402,0
15403,3
15404,0
15405,0
15406,3
15407,0
15408,0
15409,3
15410,0
15411,0
15412,3
15413,0
15414,0
15415,3
15416,0
15417,0
15418,3
15419,0
15420,0
15421,3
15422,0
15423,0
15424,3
15425,0
15426,0
15427,3
15428,0
15429,0
15430,3
15431,0
15432,0
15433,3
15434,0
15435,0
15436,3
15437,0
15438,0
15439,3
15440,0
15441,0
15442,3
15443,0
15444,0
15445,3
15446,0
15447,0
15448,3
15449,0
15450,0
15451,3
15452,0
15453,0
15454,3
15455,0
15456,0
15457,3
15458,0
15459,0
15460,3
15461,0
15462,0
15463,3
15464,0
15465,0
15466,3
15467,0
15468,0
15469,3
15470,0
15471,0
15472,3
15473,0
15474,0
15475,3
15476,0
15477,0
15478,3
15479,0
15480,0
15481,3
15482,0
15483,0
15484,3
15485,0
15486,0
15487,3
15488,0
15489,0
15490,3
15491,0
15492,0
15493,3
15494,0
15495,0
15496,3
15497,0
15498,0
15499,3
15500,0
15501,0
15502,3
15503,0
15504,0
15505,3
15506,0
15507,0
15508,3
15509,0
15510,0
15511,3
15512,0
15513,0
15514,3
15515,0
15516,0
15517,3
15518,0
15519,0
15520,3
15521,0
15522,0
15523,3
15524,0
15525,0
15526,3
15527,0
15528,0
15529,3
15530,0
15531,0
15532,3
15533,0
15534,0
15535,3
15536,0
15537,0
15538,3
15539,0
15540,0
15541,3
15542,0
15543,0
15544,3
15545,0
15546,0
15547,3
15548,0
15549,0
15550,3
15551,0
15552,0
15553,3
15554,0
15555,0
15556,3
15557,0
15558,0
15559,3
15560,0
15561,0
15562,3
15563,0
15564,0
15565,3
15566,0
15567,0
15568,3
15569,0
15570,0
15571,3
15572,0
15573,0
15574,3
15575,0
15576,0
15577,3
15578,0
15579,0
15580,3
15581,0
15582,0
15583,3
15584,0
15585,0
15586,3
15587,0
15588,0
15589,3
15590,0
15591,0
15592,3
15593,0
15594,0
15595,3
15596,0
15597,0
15598,3
15599,0
15600,0
15601,3
15602,0
15603,0
15604,3
15605,0
15606,0
15607,3
15608,0
15609,0
15610,3
15611,0
15612,0
15613,3
15614,0
15615,0
15616,3
15617,0
15618,0
15619,3
15620,0
15621,0
15622,3
15623,0
15624,0
15625,3
15626,0
15627,0
15628,3
15629,0
15630,0
15631,3
15632,0
15633,0
15634,3
15635,0
15636,0
15637,3
15638,0
15639,0
15640,3
15641,0
15642,0
15643,3
15644,0
15645,0
15646,3
15647,0
15648,0
15649,3
15650,0
15651,0
15652,3
15653,0
15654,0
15655,3
15656,0
15657,0
15658,3
15659,0
15660,0
15661,3
15662,0
15663,0
15664,3
15665,0
15666,0
15667,3
15668,0
15669,0
15670,3
15671,0
15672,0
15673,3
15674,0
15675,0
15676,3
15677,0
15678,0
15679,3
15680,0
15681,0
15682,3
15683,0
15684,0
15685,3
15686,0
15687,0
15688,3
15689,0
15690,0
15691,3
15692,0
15693,0
15694,3
15695,0
15696,0
15697,3
15698,0
15699,0
15700,3
15701,0
15702,0
15703,3
15704,0
15705,0
15706,3
15707,0
15708,0
15709,3
15710,0
15711,0
15712,3
15713,0
15714,0
15715,3
15716,0
15717,0
15718,3
15719,0
15720,0
15721,3
15722,0
15723,0
15724,3
15725,0
15726,0
15727,3
15728,0
15729,0
15730,3
15731,0
15732,0
15733,3
15734,0
15735,0
15736,3
15737,0
15738,0
15739,3
15740,0
15741,0
15742,3
15743,0
15744,0
15745,3
15746,0
15747,0
15748,3
15749,0
15750,0
15751,3
15752,0
15753,0
15754,3
15755,0
15756,0
15757,3
15758,0
15759,0
15760,3
15761,0
15762,0
15763,3
15764,0
15765,0
15766,3
15767,0
15768,0
15769,3
15770,0
15771,0
15772,3
15773,0
15774,0
15775,3
15776,0
15777,0
15778,3
15779,0
15780,0
15781,3
15782,0
15783,0
15784,3
15785,0
15786,0
15787,3
15788,0
15789,0
15790,3
15791,0
15792,0
15793,3
15794,0
15795,0
15796,3
15797,0
15798,0
15799,3
15800,0
15801,0
15802,3
15803,0
15804,0
15805,3
15806,0
15807,0
15808,3
15809,0
15810,0
15811,3
15812,0
15813,0
15814,3
15815,0
15816,0
15817,3
15818,0
15819,0
15820,3
15821,0
15822,0
15823,3
15824,0
15825,0
15826,3
15827,0
15828,0
15829,3
15830,0
15831,0
15832,3
15833,0
15834,0
15835,3
15836,0
15837,0
15838,3
15839,0
15840,0
15841,3
15842,0
15843,0
15844,3
15845,0
15846,0
15847,3
15848,0
15849,0
15850,3
15851,0
15852,0
15853,3
15854,0
15855,0
15856,3
15857,0
15858,0
15859,3
15860,0
15861,0
15862,3
15863,0
15864,0
15865,3
15866,0
15867,0
15868,3
15869,0
15870,0
15871,3
15872,0
15873,0
15874,3
15875,0
15876,0
15877,3
15878,0
15879,0
15880,3
15881,0
15882,0
15883,3
15884,0
15885,0
15886,3
15887,0
15888,0
15889,3
15890,0
15891,0
15892,3
15893,0
15894,0
15895,3
15896,0
15897,0
15898,3
15899,0
15900,0
15901,3
15902,0
15903,0
15904,3
15905,0
15906,0
15907,3
15908,0
15909,0
15910,3
15911,0
15912,0
15913,3
15914,0
15915,0
15916,3
15917,0
15918,0
15919,3
15920,0
15921,0
15922,3
15923,0
15924,0
15925,3
15926,0
15927,0
15928,3
15929,0
15930,0
15931,3
15932,0
15933,0
15934,3
15935,0
15936,0
15937,3
15938,0
15939,0
15940,3
15941,0
15942,0
15943,3
15944,0
15945,0
15946,3
15947,0
15948,0
15949,3
15950,0
15951,0
15952,3
15953,0
15954,0
15955,3
15956,0
15957,0
15958,3
15959,0
15960,0
15961,3
15962,0
15963,0
15964,3
15965,0
15966,0
15967,3
15968,0
15969,0
15970,3
15971,0
15972,0
15973,3
15974,0
15975,0
15976,3
15977,0
15978,0
15979,3
15980,0
15981,0
15982,3
15983,0
15984,0
15985,3
15986,0
15987,0
15988,3
15989,0
15990,0
15991,3
15992,0
15993,0
15994,3
15995,0
15996,0
15997,3
15998,0
15999,0
16000,3
16001,0
16002,0
16003,3
16004,0
16005,0
16006,3
16007,0
16008,0
16009,3
16010,0
16011,0
16012,3
16013,0
16014,0
16015,3
16016,0
16017,0
16018,3
16019,0
16020,0
16021,3
16022,0
16023,0
16024,3
16025,0
16026,0
16027,3
16028,0
16029,0
16030,3
16031,0
16032,0
16033,3
16034,0
16035,0
16036,3
16037,0
16038,0
16039,3
16040,0
16041,0
16042,3
16043,0
16044,0
16045,3
16046,0
16047,0
16048,3
16049,0
16050,0
16051,3
16052,0
16053,0
16054,3
16055,0
16056,0
16057,3
16058,0
16059,0
16060,3
16061,0
16062,0
16063,3
16064,0
16065,0
16066,3
16067,0
16068,0
16069,3
16070,0
16071,0
16072,3
16073,0
16074,0
16075,3
16076,0
16077,0
16078,3
16079,0
16080,0
16081,3
16082,0
16083,0
16084,3
16085,0
16086,0
16087,3
16088,0
16089,0
16090,3
16091,0
16092,0
16093,3
16094,0
16095,0
16096,3
16097,0
16098,0
16099,3
16100,0
16101,0
16102,3
16103,0
16104,0
16105,3
16106,0
16107,0
16108,3
16109,0
16110,0
16111,3
16112,0
16113,0
16114,3
16115,0
16116,0
16117,3
16118,0
16119,0
16120,3
16121,0
16122,0
16123,3
16124,0
16125,0
16126,3
16127,0
16128,0
16129,3
16130,0
16131,0
16132,3
16133,0
16134,0
16135,3
16136,0
16137,0
16138,3
16139,0
16140,0
16141,3
16142,0
16143,0
16144,3
16145,0
16146,0
16147,3
16148,0
16149,0
16150,3
16151,0
16152,0
16153,3
16154,0
16155,0
16156,3
16157,0
16158,0
16159,3
16160,0
16161,0
16162,3
16163,0
16164,0
16165,3
16166,0
16167,0
16168,3
16169,0
16170,0
16171,3
16172,0
16173,0
16174,3
16175,0
16176,0
16177,3
16178,0
16179,0
16180,3
16181,0
16182,0
16183,3
16184,0
16185,0
16186,3
16187,0
16188,0
16189,3
16190,0
16191,0
16192,3
16193,0
16194,0
16195,3
16196,0
16197,0
16198,3
16199,0
16200,0
16201,3
16202,0
16203,0
16204,3
16205,0
16206,0
16207,3
16208,0
16209,0
16210,3
16211,0
16212,0
16213,3
16214,0
16215,0
16216,3
16217,0
16218,0
16219,3
16220,0
16221,0
16222,3
16223,0
16224,0
16225,3
16226,0
16227,0
16228,3
16229,0
16230,0
16231,3
16232,0
16233,0
16234,3
16235,0
16236,0
16237,3
16238,0
16239,0
16240,3
16241,0
16242,0
16243,3
16244,0
16245,0
16246,3
16247,0
16248,0
16249,3
16250,0
16251,0
16252,3
16253,0
16254,0
16255,3
16256,0
16257,0
16258,3
16259,0
16260,0
16261,3
16262,0
16263,0
16264,3
16265,0
16266,0
16267,3
16268,0
16269,0
16270,3
16271,0
16272,0
16273,3
16274,0
16275,0
16276,3
16277,0
16278,0
16279,3
16280,0
16281,0
16282,3
16283,0
16284,0
16285,3
16286,0
16287,0
16288,3
16289,0
16290,0
16291,3
16292,0
16293,0
16294,3
16295,0
16296,0
16297,3
16298,0
16299,0
16300,3
16301,0
16302,0
16303,3
16304,0
16305,0
16306,3
16307,0
16308,0
16309,3
16310,0
16311,0
16312,3
16313,0
16314,0
16315,3
16316,0
16317,0
16318,3
16319,0
16320,0
16321,3
16322,0
16323,0
16324,3
16325,0
16326,0
16327,3
16328,0
16329,0
16330,3
16331,0
16332,0
16333,3
16334,0
16335,0
16336,3
16337,0
16338,0
16339,3
16340,0
16341,0
16342,3
16343,0
16344,0
16345,3
16346,0
16347,0
16348,3
16349,0
16350,0
16351,3
16352,0
16353,0
16354,3
16355,0
16356,0
16357,3
16358,0
16359,0
16360,3
16361,0
16362,0
16363,3
16364,0
16365,0
16366,3
16367,0
16368,0
16369,3
16370,0
16371,0
16372,3
16373,0
16374,0
16375,3
16376,0
16377,0
16378,3
16379,0
16380,0
16381,3
16382,0
16383,0
16384,3
16385,0
16386,0
16387,3
16388,0
16389,0
16390,3
16391,0
16392,0
16393,3
16394,0
16395,0
16396,3
16397,0
16398,0
16399,3
16400,0
16401,0
16402,3
16403,0
16404,0
16405,3
16406,0
16407,0
16408,3
16409,0
16410,0
16411,3
16412,0
16413,0
16414,3
16415,0
16416,0
16417,3
16418,0
16419,0
16420,3
16421,0
16422,0
16423,3
16424,0
16425,0
16426,3
16427,0
16428,0
16429,3
16430,0
16431,0
16432,3
16433,0
16434,0
16435,3
16436,0
16437,0
16438,3
16439,0
16440,0
16441,3
16442,0
16443,0
16444,3
16445,0
16446,0
16447,3
16448,0
16449,0
16450,3
16451,0
16452,0
16453,3
16454,0
16455,0
16456,3
16457,0
16458,0
16459,3
16460,0
16461,0
16462,3
16463,0
16464,0
16465,3
16466,0
16467,0
16468,3
16469,0
16470,0
16471,3
16472,0
16473,0
16474,3
16475,0
16476,0
16477,3
16478,0
16479,0
16480,3
16481,0
16482,0
16483,3
16484,0
16485,0
16486,3
16487,0
16488,0
16489,3
16490,0
16491,0
16492,3
16493,0
16494,0
16495,3
16496,0
16497,0
16498,3
16499,0
16500,0
16501,3
16502,0
16503,0
16504,3
16505,0
16506,0
16507,3
16508,0
16509,0
16510,3
16511,0
16512,0
16513,3
16514,0
16515,0
16516,3
16517,0
16518,0
16519,3
16520,0
16521,0
16522,3
16523,0
16524,0
16525,3
16526,0
16527,0
16528,3
16529,0
16530,0
16531,3
16532,0
16533,0
16534,3
16535,0
16536,0
16537,3
16538,0
16539,0
16540,3
16541,0
16542,0
16543,3
16544,0
16545,0
16546,3
16547,0
16548,0
16549,3
16550,0
16551,0
16552,3
16553,0
16554,0
16555,3
16556,0
16557,0
16558,3
16559,0
16560,0
16561,3
16562,0
16563,0
16564,3
16565,0
16566,0
16567,3
16568,0
16569,0
16570,3
16571,0
16572,0
16573,3
16574,0
16575,0
16576,3
16577,0
16578,0
16579,3
16580,0
16581,0
16582,3
16583,0
16584,0
16585,3
16586,0
16587,0
16588,3
16589,0
16590,0
16591,3
16592,0
16593,0
16594,3
16595,0
16596,0
16597,3
16598,0
16599,0
16600,3
16601,0
16602,0
16603,3
16604,0
16605,0
16606,3
16607,0
16608,0
16609,3
16610,0
16611,0
16612,3
16613,0
16614,0
16615,3
16616,0
16617,0
16618,3
16619,0
16620,0
16621,3
16622,0
16623,0
16624,3
16625,0
16626,0
16627,3
16628,0
16629,0
16630,3
16631,0
16632,0
16633,3
16634,0
16635,0
16636,3
16637,0
16638,0
16639,3
16640,0
16641,0
16642,3
16643,0
16644,0
16645,3
16646,0
16647,0
16648,3
16649,0
16650,0
16651,3
16652,0
16653,0
16654,3
16655,0
16656,0
16657,3
16658,0
16659,0
16660,3
16661,0
16662,0
16663,3
16664,0
16665,0
16666,3
16667,0
16668,0
16669,3
16670,0
16671,0
16672,3
16673,0
16674,0
16675,3
16676,0
16677,0
16678,3
16679,0
16680,0
16681,3
16682,0
16683,0
16684,3
16685,0
16686,0
16687,3
16688,0
16689,0
16690,3
16691,0
16692,0
16693,3
16694,0
16695,0
16696,3
16697,0
16698,0
16699,3
16700,0
16701,0
16702,3
16703,0
16704,0
16705,3
16706,0
16707,0
16708,3
16709,0
16710,0
16711,3
16712,0
16713,0
16714,3
16715,0
16716,0
16717,3
16718,0
16719,0
16720,3
16721,0
16722,0
16723,3
16724,0
16725,0
16726,3
16727,0
16728,0
16729,3
16730,0
16731,0
16732,3
16733,0
16734,0
16735,3
16736,0
16737,0
16738,3
16739,0
16740,0
16741,3
16742,0
16743,0
16744,3
16745,0
16746,0
16747,3
16748,0
16749,0
16750,3
16751,0
16752,0
16753,3
16754,0
16755,0
16756,3
16757,0
16758,0
16759,3
16760,0
16761,0
16762,3
16763,0
16764,0
16765,3
16766,0
16767,0
16768,3
16769,0
16770,0
16771,3
16772,0
16773,0
16774,3
16775,0
16776,0
16777,3
16778,0
16779,0
16780,3
16781,0
16782,0
16783,3
16784,0
16785,0
16786,3
16787,0
16788,0
16789,3
16790,0
16791,0
16792,3
16793,0
16794,0
16795,3
16796,0
16797,0
16798,3
16799,0
16800,0
16801,3
16802,0
16803,0
16804,3
16805,0
16806,0
16807,3
16808,0
16809,0
16810,3
16811,0
16812,0
16813,3
16814,0
16815,0
16816,3
16817,0
16818,0
16819,3
16820,0
16821,0
16822,3
16823,0
16824,0
16825,3
16826,0
16827,0
16828,3
16829,0
16830,0
16831,3
16832,0
16833,0
16834,3
16835,0
16836,0
16837,3
16838,0
16839,0
16840,3
16841,0
16842,0
16843,3
16844,0
16845,0
16846,3
16847,0
16848,0
16849,3
16850,0
16851,0
16852,3
16853,0
16854,0
16855,3
16856,0
16857,0
16858,3
16859,0
16860,0
16861,3
16862,0
16863,0
16864,3
16865,0
16866,0
16867,3
16868,0
16869,0
16870,3
16871,0
16872,0
16873,3
16874,0
16875,0
16876,3
16877,0
16878,0
16879,3
16880,0
16881,0
16882,3
16883,0
16884,0
16885,3
16886,0
16887,0
16888,3
16889,0
16890,0
16891,3
16892,0
16893,0
16894,3
16895,0
16896,0
16897,3
16898,0
16899,0
16900,3
16901,0
16902,0
16903,3
16904,0
16905,0
16906,3
16907,0
16908,0
16909,3
16910,0
16911,0
16912,3
16913,0
16914,0
16915,3
16916,0
16917,0
16918,3
16919,0
16920,0
16921,3
16922,0
16923,0
16924,3
16925,0
16926,0
16927,3
16928,0
16929,0
16930,3
16931,0
16932,0
16933,3
16934,0
16935,0
16936,3
16937,0
16938,0
16939,3
16940,0
16941,0
16942,3
16943,0
16944,0
16945,3
16946,0
16947,0
16948,3
16949,0
16950,0
16951,3
16952,0
16953,0
16954,3
16955,0
16956,0
16957,3
16958,0
16959,0
16960,3
16961,0
16962,0
16963,3
16964,0
16965,0
16966,3
16967,0
16968,0
16969,3
16970,0
16971,0
16972,3
16973,0
16974,0
16975,3
16976,0
16977,0
16978,3
16979,0
16980,0
16981,3
16982,0
16983,0
16984,3
16985,0
16986,0
16987,3
16988,0
16989,0
16990,3
16991,0
16992,0
16993,3
16994,0
16995,0
16996,3
16997,0
16998,0
16999,3
17000,0
17001,0
17002,3
17003,0
17004,0
17005,3
17006,0
17007,0
17008,3
17009,0
17010,0
17011,3
17012,0
17013,0
17014,3
17015,0
17016,0
17017,3
17018,0
17019,0
17020,3
17021,0
17022,0
17023,3
17024,0
17025,0
17026,3
17027,0
17028,0
17029,3
17030,0
17031,0
17032,3
17033,0
17034,0
17035,3
17036,0
17037,0
17038,3
17039,0
17040,0
17041,3
17042,0
17043,0
17044,3
17045,0
17046,0
17047,3
17048,0
17049,0
17050,3
17051,0
17052,0
17053,3
17054,0
17055,0
17056,3
17057,0
17058,0
17059,3
17060,0
17061,0
17062,3
17063,0
17064,0
17065,3
17066,0
17067,0
17068,3
17069,0
17070,0
17071,3
17072,0
17073,0
17074,3
17075,0
17076,0
17077,3
17078,0
17079,0
17080,3
17081,0
17082,0
17083,3
17084,0
17085,0
17086,3
17087,0
17088,0
17089,3
17090,0
17091,0
17092,3
17093,0
17094,0
17095,3
17096,0
17097,0
17098,3
17099,0
17100,0
17101,3
17102,0
17103,0
17104,3
17105,0
17106,0
17107,3
17108,0
17109,0
17110,3
17111,0
17112,0
17113,3
17114,0
17115,0
17116,3
17117,0
17118,0
17119,3
17120,0
17121,0
17122,3
17123,0
17124,0
17125,3
17126,0
17127,0
17128,3
17129,0
17130,0
17131,3
17132,0
17133,0
17134,3
17135,0
17136,0
17137,3
17138,0
17139,0
17140,3
17141,0
17142,0
17143,3
17144,0
17145,0
17146,3
17147,0
17148,0
17149,3
17150,0
17151,0
17152,3
17153,0
17154,0
17155,3
17156,0
17157,0
17158,3
17159,0
17160,0
17161,3
17162,0
17163,0
17164,3
17165,0
17166,0
17167,3
17168,0
17169,0
17170,3
17171,0
17172,0
17173,3
17174,0
17175,0
17176,3
17177,0
17178,0
17179,3
17180,0
17181,0
17182,3
17183,0
17184,0
17185,3
17186,0
17187,0
17188,3
17189,0
17190,0
17191,3
17192,0
17193,0
17194,3
17195,0
17196,0
17197,3
17198,0
17199,0
17200,3
17201,0
17202,0
17203,3
17204,0
17205,0
17206,3
17207,0
17208,0
17209,3
17210,0
17211,0
17212,3
17213,0
17214,0
17215,3
17216,0
17217,0
17218,3
17219,0
17220,0
17221,3
17222,0
17223,0
17224,3
17225,0
17226,0
17227,3
17228,0
17229,0
17230,3
17231,0
17232,0
17233,3
17234,0
17235,0
17236,3
17237,0
17238,0
17239,3
17240,0
17241,0
17242,3
17243,0
17244,0
17245,3
17246,0
17247,0
17248,3
17249,0
17250,0
17251,3
17252,0
17253,0
17254,3
17255,0
17256,0
17257,3
17258,0
17259,0
17260,3
17261,0
17262,0
17263,3
17264,0
17265,0
17266,3
17267,0
17268,0
17269,3
17270,0
17271,0
17272,3
17273,0
17274,0
17275,3
17276,0
17277,0
17278,3
17279,0
17280,0
17281,3
17282,0
17283,0
17284,3
17285,0
17286,0
17287,3
17288,0
17289,0
17290,3
17291,0
17292,0
17293,3
17294,0
17295,0
17296,3
17297,0
17298,0
17299,3
17300,0
17301,0
17302,3
17303,0
17304,0
17305,3
17306,0
17307,0
17308,3
17309,0
17310,0
17311,3
17312,0
17313,0
17314,3
17315,0
17316,0
17317,3
17318,0
17319,0
17320,3
17321,0
17322,0
17323,3
17324,0
17325,0
17326,3
17327,0
17328,0
17329,3
17330,0
17331,0
17332,3
17333,0
17334,0
17335,3
17336,0
17337,0
17338,3
17339,0
17340,0
17341,3
17342,0
17343,0
17344,3
17345,0
17346,0
17347,3
17348,0
17349,0
17350,3
17351,0
17352,0
17353,3
17354,0
17355,0
17356,3
17357,0
17358,0
17359,3
17360,0
17361,0
17362,3
17363,0
17364,0
17365,3
17366,0
17367,0
17368,3
17369,0
17370,0
17371,3
17372,0
17373,0
17374,3
17375,0
17376,0
17377,3
17378,0
17379,0
17380,3
17381,0
17382,0
17383,3
17384,0
17385,0
17386,3
17387,0
17388,0
17389,3
17390,0
17391,0
17392,3
17393,0
17394,0
17395,3
17396,0
17397,0
17398,3
17399,0
17400,0
17401,3
17402,0
17403,0
17404,3
17405,0
17406,0
17407,3
17408,0
17409,0
17410,3
17411,0
17412,0
17413,3
17414,0
17415,0
17416,3
17417,0
17418,0
17419,3
17420,0
17421,0
17422,3
17423,0
17424,0
17425,3
17426,0
17427,0
17428,3
17429,0
17430,0
17431,3
17432,0
17433,0
17434,3
17435,0
17436,0
17437,3
17438,0
17439,0
17440,3
17441,0
17442,0
17443,3
17444,0
17445,0
17446,3
17447,0
17448,0
17449,3
17450,0
17451,0
17452,3
17453,0
17454,0
17455,3
17456,0
17457,0
17458,3
17459,0
17460,0
17461,3
17462,0
17463,0
17464,3
17465,0
17466,0
17467,3
17468,0
17469,0
17470,3
17471,0
17472,0
17473,3
17474,0
17475,0
17476,3
17477,0
17478,0
17479,3
17480,0
17481,0
17482,3
17483,0
17484,0
17485,3
17486,0
17487,0
17488,3
17489,0
17490,0
17491,3
17492,0
17493,0
17494,3
17495,0
17496,0
17497,3
17498,0
17499,0
17500,3
17501,0
17502,0
17503,3
17504,0
17505,0
17506,3
17507,0
17508,0
17509,3
17510,0
17511,0
17512,3
17513,0
17514,0
17515,3
17516,0
17517,0
17518,3
17519,0
17520,0
17521,3
17522,0
17523,0
17524,3
17525,0
17526,0
17527,3
17528,0
17529,0
17530,3
17531,0
17532,0
17533,3
17534,0
17535,0
17536,3
17537,0
17538,0
17539,3
17540,0
17541,0
17542,3
17543,0
17544,0
17545,3
17546,0
17547,0
17548,3
17549,0
17550,0
17551,3
17552,0
17553,0
17554,3
17555,0
17556,0
17557,3
17558,0
17559,0
17560,3
17561,0
17562,0
17563,3
17564,0
17565,0
17566,3
17567,0
17568,0
17569,3
17570,0
17571,0
17572,3
17573,0
17574,0
17575,3
17576,0
17577,0
17578,3
17579,0
17580,0
17581,3
17582,0
17583,0
17584,3
17585,0
17586,0
17587,3
17588,0
17589,0
17590,3
17591,0
17592,0
17593,3
17594,0
17595,0
17596,3
17597,0
17598,0
17599,3
17600,0
17601,0
17602,3
17603,0
17604,0
17605,3
17606,0
17607,0
17608,3
17609,0
17610,0
17611,3
17612,0
17613,0
17614,3
17615,0
17616,0
17617,3
17618,0
17619,0
17620,3
17621,0
17622,0
17623,3
17624,0
17625,0
17626,3
17627,0
17628,0
17629,3
17630,0
17631,0
17632,3
17633,0
17634,0
17635,3
17636,0
17637,0
17638,3
17639,0
17640,0
17641,3
17642,0
17643,0
17644,3
17645,0
17646,0
17647,3
17648,0
17649,0
17650,3
17651,0
17652,0
17653,3
17654,0
17655,0
17656,3
17657,0
17658,0
17659,3
17660,0
17661,0
17662,3
17663,0
17664,0
17665,3
17666,0
17667,0
17668,3
17669,0
17670,0
17671,3
17672,0
17673,0
17674,3
17675,0
17676,0
17677,3
17678,0
17679,0
17680,3
17681,0
17682,0
17683,3
17684,0
17685,0
17686,3
17687,0
17688,0
17689,3
17690,0
17691,0
17692,3
17693,0
17694,0
17695,3
17696,0
17697,0
17698,3
17699,0
17700,0
17701,3
17702,0
17703,0
17704,3
17705,0
17706,0
17707,3
17708,0
17709,0
17710,3
17711,0
17712,0
17713,3
17714,0
17715,0
17716,3
17717,0
17718,0
17719,3
17720,0
17721,0
17722,3
17723,0
17724,0
17725,3
17726,0
17727,0
17728,3
17729,0
17730,0
17731,3
17732,0
17733,0
17734,3
17735,0
17736,0
17737,3
17738,0
17739,0
17740,3
17741,0
17742,0
17743,3
17744,0
17745,0
17746,3
17747,0
17748,0
17749,3
17750,0
17751,0
17752,3
17753,0
17754,0
17755,3
17756,0
17757,0
17758,3
17759,0
17760,0
17761,3
17762,0
17763,0
17764,3
17765,0
17766,0
17767,3
17768,0
17769,0
17770,3
17771,0
17772,0
17773,3
17774,0
17775,0
17776,3
17777,0
17778,0
17779,3
17780,0
17781,0
17782,3
17783,0
17784,0
17785,3
17786,0
17787,0
17788,3
17789,0
17790,0
17791,3
17792,0
17793,0
17794,3
17795,0
17796,0
17797,3
17798,0
17799,0
17800,3
17801,0
17802,0
17803,3
17804,0
17805,0
17806,3
17807,0
17808,0
17809,3
17810,0
17811,0
17812,3
17813,0
17814,0
17815,3
17816,0
17817,0
17818,3
17819,0
17820,0
17821,3
17822,0
17823,0
17824,3
17825,0
17826,0
17827,3
17828,0
17829,0
17830,3
17831,0
17832,0
17833,3
17834,0
17835,0
17836,3
17837,0
17838,0
17839,3
17840,0
17841,0
17842,3
17843,0
17844,0
17845,3
17846,0
17847,0
17848,3
17849,0
17850,0
17851,3
17852,0
17853,0
17854,3
17855,0
17856,0
17857,3
17858,0
17859,0
17860,3
17861,0
17862,0
17863,3
17864,0
17865,0
17866,3
17867,0
17868,0
17869,3
17870,0
17871,0
17872,3
17873,0
17874,0
17875,3
17876,0
17877,0
17878,3
17879,0
17880,0
17881,3
17882,0
17883,0
17884,3
17885,0
17886,0
17887,3
17888,0
17889,0
17890,3
17891,0
17892,0
17893,3
17894,0
17895,0
17896,3
17897,0
17898,0
17899,3
17900,0
17901,0
17902,3
17903,0
17904,0
17905,3
17906,0
17907,0
17908,3
17909,0
17910,0
17911,3
17912,0
17913,0
17914,3
17915,0
17916,0
17917,3
17918,0
17919,0
17920,3
17921,0
17922,0
17923,3
17924,0
17925,0
17926,3
17927,0
17928,0
17929,3
17930,0
17931,0
17932,3
17933,0
17934,0
17935,3
17936,0
17937,0
17938,3
17939,0
17940,0
17941,3
17942,0
17943,0
17944,3
17945,0
17946,0
17947,3
17948,0
17949,0
17950,3
17951,0
17952,0
17953,3
17954,0
17955,0
17956,3
17957,0
17958,0
17959,3
17960,0
17961,0
17962,3
17963,0
17964,0
17965,3
17966,0
17967,0
17968,3
17969,0
17970,0
17971,3
17972,0
17973,0
17974,3
17975,0
17976,0
17977,3
17978,0
17979,0
17980,3
17981,0
17982,0
17983,3
17984,0
17985,0
17986,3
17987,0
17988,0
17989,3
17990,0
17991,0
17992,3
17993,0
17994,0
17995,3
17996,0
17997,0
17998,3
17999,0
18000,0
18001,3
18002,0
18003,0
18004,3
18005,0
18006,0
18007,3
18008,0
18009,0
18010,3
18011,0
18012,0
18013,3
18014,0
18015,0
18016,3
18017,0
18018,0
18019,3
18020,0
18021,0
18022,3
18023,0
18024,0
18025,3
18026,0
18027,0
18028,3
18029,0
18030,0
18031,3
18032,0
18033,0
18034,3
18035,0
18036,0
18037,3
18038,0
18039,0
18040,3
18041,0
18042,0
18043,3
18044,0
18045,0
18046,3
18047,0
18048,0
18049,3
18050,0
18051,0
18052,3
18053,0
18054,0
18055,3
18056,0
18057,0
18058,3
18059,0
18060,0
18061,3
18062,0
18063,0
18064,3
18065,0
18066,0
18067,3
18068,0
18069,0
18070,3
18071,0
18072,0
18073,3
18074,0
18075,0
18076,3
18077,0
18078,0
18079,3
18080,0
18081,0
18082,3
18083,0
18084,0
18085,3
18086,0
18087,0
18088,3
18089,0
18090,0
18091,3
18092,0
18093,0
18094,3
18095,0
18096,0
18097,3
18098,0
18099,0
18100,3
18101,0
18102,0
18103,3
18104,0
18105,0
18106,3
18107,0
18108,0
18109,3
18110,0
18111,0
18112,3
18113,0
18114,0
18115,3
18116,0
18117,0
18118,3
18119,0
18120,0
18121,3
18122,0
18123,0
18124,3
18125,0
18126,0
18127,3
18128,0
18129,0
18130,3
18131,0
18132,0
18133,3
18134,0
18135,0
18136,3
18137,0
18138,0
18139,3
18140,0
18141,0
18142,3
18143,0
18144,0
18145,3
18146,0
18147,0
18148,3
18149,0
18150,0
18151,3
18152,0
18153,0
18154,3
18155,0
18156,0
18157,3
18158,0
18159,0
18160,3
18161,0
18162,0
18163,3
18164,0
18165,0
18166,3
18167,0
18168,0
18169,3
18170,0
18171,0
18172,3
18173,0
18174,0
18175,3
18176,0
18177,0
18178,3
18179,0
18180,0
18181,3
18182,0
18183,0
18184,3
18185,0
18186,0
18187,3
18188,0
18189,0
18190,3
18191,0
18192,0
18193,3
18194,0
18195,0
18196,3
18197,0
18198,0
18199,3
18200,0
18201,0
18202,3
18203,0
18204,0
18205,3
18206,0
18207,0
18208,3
18209,0
18210,0
18211,3
18212,0
18213,0
18214,3
18215,0
18216,0
18217,3
18218,0
18219,0
18220,3
18221,0
18222,0
18223,3
18224,0
18225,0
18226,3
18227,0
18228,0
18229,3
18230,0
18231,0
18232,3
18233,0
18234,0
18235,3
18236,0
18237,0
18238,3
18239,0
18240,0
18241,3
18242,0
18243,0
18244,3
18245,0
18246,0
18247,3
18248,0
18249,0
18250,3
18251,0
18252,0
18253,3
18254,0
18255,0
18256,3
18257,0
18258,0
18259,3
18260,0
18261,0
18262,3
18263,0
18264,0
18265,3
18266,0
18267,0
18268,3
18269,0
18270,0
18271,3
18272,0
18273,0
18274,3
18275,0
18276,0
18277,3
18278,0
18279,0
18280,3
18281,0
18282,0
18283,3
18284,0
18285,0
18286,3
18287,0
18288,0
18289,3
18290,0
18291,0
18292,3
18293,0
18294,0
18295,3
18296,0
18297,0
18298,3
18299,0
18300,0
18301,3
18302,0
18303,0
18304,3
18305,0
18306,0
18307,3
18308,0
18309,0
18310,3
18311,0
18312,0
18313,3
18314,0
18315,0
18316,3
18317,0
18318,0
18319,3
18320,0
18321,0
18322,3
18323,0
18324,0
18325,3
18326,0
18327,0
18328,3
18329,0
18330,0
18331,3
18332,0
18333,0
18334,3
18335,0
18336,0
18337,3
18338,0
18339,0
18340,3
18341,0
18342,0
18343,3
18344,0
18345,0
18346,3
18347,0
18348,0
18349,3
18350,0
18351,0
18352,3
18353,0
18354,0
18355,3
18356,0
18357,0
18358,3
18359,0
18360,0
18361,3
18362,0
18363,0
18364,3
18365,0
18366,0
18367,3
18368,0
18369,0
18370,3
18371,0
18372,0
18373,3
18374,0
18375,0
18376,3
18377,0
18378,0
18379,3
18380,0
18381,0
18382,3
18383,0
18384,0
18385,3
18386,0
18387,0
18388,3
18389,0
18390,0
18391,3
18392,0
18393,0
18394,3
18395,0
18396,0
18397,3
18398,0
18399,0
18400,3
18401,0
18402,0
18403,3
18404,0
18405,0
18406,3
18407,0
18408,0
18409,3
18410,0
18411,0
18412,3
18413,0
18414,0
18415,3
18416,0
18417,0
18418,3
18419,0
18420,0
18421,3
18422,0
18423,0
18424,3
18425,0
18426,0
18427,3
18428,0
18429,0
18430,3
18431,0
18432,0
18433,3
18434,0
18435,0
18436,3
18437,0
18438,0
18439,3
18440,0
18441,0
18442,3
18443,0
18444,0
18445,3
18446,0
18447,0
18448,3
18449,0
18450,0
18451,3
18452,0
18453,0
18454,3
18455,0
18456,0
18457,3
18458,0
18459,0
18460,3
18461,0
18462,0
18463,3
18464,0
18465,0
18466,3
18467,0
18468,0
18469,3
18470,0
18471,0
18472,3
18473,0
18474,0
18475,3
18476,0
18477,0
18478,3
18479,0
18480,0
18481,3
18482,0
18483,0
18484,3
18485,0
18486,0
18487,3
18488,0
18489,0
18490,3
18491,0
18492,0
18493,3
18494,0
18495,0
18496,3
18497,0
18498,0
18499,3
18500,0
18501,0
18502,3
18503,0
18504,0
18505,3
18506,0
18507,0
18508,3
18509,0
18510,0
18511,3
18512,0
18513,0
18514,3
18515,0
18516,0
18517,3
18518,0
18519,0
18520,3
18521,0
18522,0
18523,3
18524,0
18525,0
18526,3
18527,0
18528,0
18529,3
18530,0
18531,0
18532,3
18533,0
18534,0
18535,3
18536,0
18537,0
18538,3
18539,0
18540,0
18541,3
18542,0
18543,0
18544,3
18545,0
18546,0
18547,3
18548,0
18549,0
18550,3
18551,0
18552,0
18553,3
18554,0
18555,0
18556,3
18557,0
18558,0
18559,3
18560,0
18561,0
18562,3
18563,0
18564,0
18565,3
18566,0
18567,0
18568,3
18569,0
18570,0
18571,3
18572,0
18573,0
18574,3
18575,0
18576,0
18577,3
18578,0
18579,0
18580,3
18581,0
18582,0
18583,3
18584,0
18585,0
18586,3
18587,0
18588,0
18589,3
18590,0
18591,0
18592,3
18593,0
18594,0
18595,3
18596,0
18597,0
18598,3
18599,0
18600,0
18601,3
18602,0
18603,0
18604,3
18605,0
18606,0
18607,3
18608,0
18609,0
18610,3
18611,0
18612,0
18613,3
18614,0
18615,0
18616,3
18617,0
18618,0
18619,3
18620,0
18621,0
18622,3
18623,0
18624,0
18625,3
18626,0
18627,0
18628,3
18629,0
18630,0
18631,3
18632,0
18633,0
18634,3
18635,0
18636,0
18637,3
18638,0
18639,0
18640,3
18641,0
18642,0
18643,3
18644,0
18645,0
18646,3
18647,0
18648,0
18649,3
18650,0
18651,0
18652,3
18653,0
18654,0
18655,3
18656,0
18657,0
18658,3
18659,0
18660,0
18661,3
18662,0
18663,0
18664,3
18665,0
18666,0
18667,3
18668,0
18669,0
18670,3
18671,0
18672,0
18673,3
18674,0
18675,0
18676,3
18677,0
18678,0
18679,3
18680,0
18681,0
18682,3
18683,0
18684,0
18685,3
18686,0
18687,0
18688,3
18689,0
18690,0
18691,3
18692,0
18693,0
18694,3
18695,0
18696,0
18697,3
18698,0
18699,0
18700,3
18701,0
18702,0
18703,3
18704,0
18705,0
18706,3
18707,0
18708,0
18709,3
18710,0
18711,0
18712,3
18713,0
18714,0
18715,3
18716,0
18717,0
18718,3
18719,0
18720,0
18721,3
18722,0
18723,0
18724,3
18725,0
18726,0
18727,3
18728,0
18729,0
18730,3
18731,0
18732,0
18733,3
18734,0
18735,0
18736,3
18737,0
18738,0
18739,3
18740,0
18741,0
18742,3
18743,0
18744,0
18745,3
18746,0
18747,0
18748,3
18749,0
18750,0
18751,3
18752,0
18753,0
18754,3
18755,0
18756,0
18757,3
18758,0
18759,0
18760,3
18761,0
18762,0
18763,3
18764,0
18765,0
18766,3
18767,0
18768,0
18769,3
18770,0
18771,0
18772,3
18773,0
18774,0
18775,3
18776,0
18777,0
18778,3
18779,0
18780,0
18781,3
18782,0
18783,0
18784,3
18785,0
18786,0
18787,3
18788,0
18789,0
18790,3
18791,0
18792,0
18793,3
18794,0
18795,0
18796,3
18797,0
18798,0
18799,3
18800,0
18801,0
18802,3
18803,0
18804,0
18805,3
18806,0
18807,0
18808,3
18809,0
18810,0
18811,3
18812,0
18813,0
18814,3
18815,0
18816,0
18817,3
18818,0
18819,0
18820,3
18821,0
18822,0
18823,3
18824,0
18825,0
18826,3
18827,0
18828,0
18829,3
18830,0
18831,0
18832,3
18833,0
18834,0
18835,3
18836,0
18837,0
18838,3
18839,0
18840,0
18841,3
18842,0
18843,0
18844,3
18845,0
18846,0
18847,3
18848,0
18849,0
18850,3
18851,0
18852,0
18853,3
18854,0
18855,0
18856,3
18857,0
18858,0
18859,3
18860,0
18861,0
18862,3
18863,0
18864,0
18865,3
18866,0
18867,0
18868,3
18869,0
18870,0
18871,3
18872,0
18873,0
18874,3
18875,0
18876,0
18877,3
18878,0
18879,0
18880,3
18881,0
18882,0
18883,3
18884,0
18885,0
18886,3
18887,0
18888,0
18889,3
18890,0
18891,0
18892,3
18893,0
18894,0
18895,3
18896,0
18897,0
18898,3
18899,0
18900,0
18901,3
18902,0
18903,0
18904,3
18905,0
18906,0
18907,3
18908,0
18909,0
18910,3
18911,0
18912,0
18913,3
18914,0
18915,0
18916,3
18917,0
18918,0
18919,3
18920,0
18921,0
18922,3
18923,0
18924,0
18925,3
18926,0
18927,0
18928,3
18929,0
18930,0
18931,3
18932,0
18933,0
18934,3
18935,0
18936,0
18937,3
18938,0
18939,0
18940,3
18941,0
18942,0
18943,3
18944,0
18945,0
18946,3
18947,0
18948,0
18949,3
18950,0
18951,0
18952,3
18953,0
18954,0
18955,3
18956,0
18957,0
18958,3
18959,0
18960,0
18961,3
18962,0
18963,0
18964,3
18965,0
18966,0
18967,3
18968,0
18969,0
18970,3
18971,0
18972,0
18973,3
18974,0
18975,0
18976,3
18977,0
18978,0
18979,3
18980,0
18981,0
18982,3
18983,0
18984,0
18985,3
18986,0
18987,0
18988,3
18989,0
18990,0
18991,3
18992,0
18993,0
18994,3
18995,0
18996,0
18997,3
18998,0
18999,0
19000,3
19001,0
19002,0
19003,3
19004,0
19005,0
19006,3
19007,0
19008,0
19009,3
19010,0
19011,0
19012,3
19013,0
19014,0
19015,3
19016,0
19017,0
19018,3
19019,0
19020,0
19021,3
19022,0
19023,0
19024,3
19025,0
19026,0
19027,3
19028,0
19029,0
19030,3
19031,0
19032,0
19033,3
19034,0
19035,0
19036,3
19037,0
19038,0
19039,3
19040,0
19041,0
19042,3
19043,0
19044,0
19045,3
19046,0
19047,0
19048,3
19049,0
19050,0
19051,3
19052,0
19053,0
19054,3
19055,0
19056,0
19057,3
19058,0
19059,0
19060,3
19061,0
19062,0
19063,3
19064,0
19065,0
19066,3
19067,0
19068,0
19069,3
19070,0
19071,0
19072,3
19073,0
19074,0
19075,3
19076,0
19077,0
19078,3
19079,0
19080,0
19081,3
19082,0
19083,0
19084,3
19085,0
19086,0
19087,3
19088,0
19089,0
19090,3
19091,0
19092,0
19093,3
19094,0
19095,0
19096,3
19097,0
19098,0
19099,3
19100,0
19101,0
19102,3
19103,0
19104,0
19105,3
19106,0
19107,0
19108,3
19109,0
19110,0
19111,3
19112,0
19113,0
19114,3
19115,0
19116,0
19117,3
19118,0
19119,0
19120,3
19121,0
19122,0
19123,3
19124,0
19125,0
19126,3
19127,0
19128,0
19129,3
19130,0
19131,0
19132,3
19133,0
19134,0
19135,3
19136,0
19137,0
19138,3
19139,0
19140,0
19141,3
19142,0
19143,0
19144,3
19145,0
19146,0
19147,3
19148,0
19149,0
19150,3
19151,0
19152,0
19153,3
19154,0
19155,0
19156,3
19157,0
19158,0
19159,3
19160,0
19161,0
19162,3
19163,0
19164,0
19165,3
19166,0
19167,0
19168,3
19169,0
19170,0
19171,3
19172,0
19173,0
19174,3
19175,0
19176,0
19177,3
19178,0
19179,0
19180,3
19181,0
19182,0
19183,3
19184,0
19185,0
19186,3
19187,0
19188,0
19189,3
19190,0
19191,0
19192,3
19193,0
19194,0
19195,3
19196,0
19197,0
19198,3
19199,0
19200,0
19201,3
19202,0
19203,0
19204,3
19205,0
19206,0
19207,3
19208,0
19209,0
19210,3
19211,0
19212,0
19213,3
19214,0
19215,0
19216,3
19217,0
19218,0
19219,3
19220,0
19221,0
19222,3
19223,0
19224,0
19225,3
19226,0
19227,0
19228,3
19229,0
19230,0
19231,3
19232,0
19233,0
19234,3
19235,0
19236,0
19237,3
19238,0
19239,0
19240,3
19241,0
19242,0
19243,3
19244,0
19245,0
19246,3
19247,0
19248,0
19249,3
19250,0
19251,0
19252,3
19253,0
19254,0
19255,3
19256,0
19257,0
19258,3
19259,0
19260,0
19261,3
19262,0
19263,0
19264,3
19265,0
19266,0
19267,3
19268,0
19269,0
19270,3
19271,0
19272,0
19273,3
19274,0
19275,0
19276,3
19277,0
19278,0
19279,3
19280,0
19281,0
19282,3
19283,0
19284,0
19285,3
19286,0
19287,0
19288,3
19289,0
19290,0
19291,3
19292,0
19293,0
19294,3
19295,0
19296,0
19297,3
19298,0
19299,0
19300,3
19301,0
19302,0
19303,3
19304,0
19305,0
19306,3
19307,0
19308,0
19309,3
19310,0
19311,0
19312,3
19313,0
19314,0
19315,3
19316,0
19317,0
19318,3
19319,0
19320,0
19321,3
19322,0
19323,0
19324,3
19325,0
19326,0
19327,3
19328,0
19329,0
19330,3
19331,0
19332,0
19333,3
19334,0
19335,0
19336,3
19337,0
19338,0
19339,3
19340,0
19341,0
19342,3
19343,0
19344,0
19345,3
19346,0
19347,0
19348,3
19349,0
19350,0
19351,3
19352,0
19353,0
19354,3
19355,0
19356,0
19357,3
19358,0
19359,0
19360,3
19361,0
19362,0
19363,3
19364,0
19365,0
19366,3
19367,0
19368,0
19369,3
19370,0
19371,0
19372,3
19373,0
19374,0
19375,3
19376,0
19377,0
19378,3
19379,0
19380,0
19381,3
19382,0
19383,0
19384,3
19385,0
19386,0
19387,3
19388,0
19389,0
19390,3
19391,0
19392,0
19393,3
19394,0
19395,0
19396,3
19397,0
19398,0
19399,3
19400,0
19401,0
19402,3
19403,0
19404,0
19405,3
19406,0
19407,0
19408,3
19409,0
19410,0
19411,3
19412,0
19413,0
19414,3
19415,0
19416,0
19417,3
19418,0
19419,0
19420,3
19421,0
19422,0
19423,3
19424,0
19425,0
19426,3
19427,0
19428,0
19429,3
19430,0
19431,0
19432,3
19433,0
19434,0
19435,3
19436,0
19437,0
19438,3
19439,0
19440,0
19441,3
19442,0
19443,0
19444,3
19445,0
19446,0
19447,3
19448,0
19449,0
19450,3
19451,0
19452,0
19453,3
19454,0
19455,0
19456,3
19457,0
19458,0
19459,3
19460,0
19461,0
19462,3
19463,0
19464,0
19465,3
19466,0
19467,0
19468,3
19469,0
19470,0
19471,3
19472,0
19473,0
19474,3
19475,0
19476,0
19477,3
19478,0
19479,0
19480,3
19481,0
19482,0
19483,3
19484,0
19485,0
19486,3
19487,0
19488,0
19489,3
19490,0
19491,0
19492,3
19493,0
19494,0
19495,3
19496,0
19497,0
19498,3
19499,0
19500,0
19501,3
19502,0
19503,0
19504,3
19505,0
19506,0
19507,3
19508,0
19509,0
19510,3
19511,0
19512,0
19513,3
19514,0
19515,0
19516,3
19517,0
19518,0
19519,3
19520,0
19521,0
19522,3
19523,0
19524,0
19525,3
19526,0
19527,0
19528,3
19529,0
19530,0
19531,3
19532,0
19533,0
19534,3
19535,0
19536,0
19537,3
19538,0
19539,0
19540,3
19541,0
19542,0
19543,3
19544,0
19545,0
19546,3
19547,0
19548,0
19549,3
19550,0
19551,0
19552,3
19553,0
19554,0
19555,3
19556,0
19557,0
19558,3
19559,0
19560,0
19561,3
19562,0
19563,0
19564,3
19565,0
19566,0
19567,3
19568,0
19569,0
19570,3
19571,0
19572,0
19573,3
19574,0
19575,0
19576,3
19577,0
19578,0
19579,3
19580,0
19581,0
19582,3
19583,0
19584,0
19585,3
19586,0
19587,0
19588,3
19589,0
19590,0
19591,3
19592,0
19593,0
19594,3
19595,0
19596,0
19597,3
19598,0
19599,0
19600,3
19601,0
19602,0
19603,3
19604,0
19605,0
19606,3
19607,0
19608,0
19609,3
19610,0
19611,0
19612,3
19613,0
19614,0
19615,3
19616,0
19617,0
19618,3
19619,0
19620,0
19621,3
19622,0
19623,0
19624,3
19625,0
19626,0
19627,3
19628,0
19629,0
19630,3
19631,0
19632,0
19633,3
19634,0
19635,0
19636,3
19637,0
19638,0
19639,3
19640,0
19641,0
19642,3
19643,0
19644,0
19645,3
19646,0
19647,0
19648,3
19649,0
19650,0
19651,3
19652,0
19653,0
19654,3
19655,0
19656,0
19657,3
19658,0
19659,0
19660,3
19661,0
19662,0
19663,3
19664,0
19665,0
19666,3
19667,0
19668,0
19669,3
19670,0
19671,0
19672,3
19673,0
19674,0
19675,3
19676,0
19677,0
19678,3
19679,0
19680,0
19681,3
19682,0
19683,0
19684,3
19685,0
19686,0
19687,3
19688,0
19689,0
19690,3
19691,0
19692,0
19693,3
19694,0
19695,0
19696,3
19697,0
19698,0
19699,3
19700,0
19701,0
19702,3
19703,0
19704,0
19705,3
19706,0
19707,0
19708,3
19709,0
19710,0
19711,3
19712,0
19713,0
19714,3
19715,0
19716,0
19717,3
19718,0
19719,0
19720,3
19721,0
19722,0
19723,3
19724,0
19725,0
19726,3
19727,0
19728,0
19729,3
19730,0
19731,0
19732,3
19733,0
19734,0
19735,3
19736,0
19737,0
19738,3
19739,0
19740,0
19741,3
19742,0
19743,0
19744,3
19745,0
19746,0
19747,3
19748,0
19749,0
19750,3
19751,0
19752,0
19753,3
19754,0
19755,0
19756,3
19757,0
19758,0
19759,3
19760,0
19761,0
19762,3
19763,0
19764,0
19765,3
19766,0
19767,0
19768,3
19769,0
19770,0
19771,3
19772,0
19773,0
19774,3
19775,0
19776,0
19777,3
19778,0
19779,0
19780,3
19781,0
19782,0
19783,3
19784,0
19785,0
19786,3
19787,0
19788,0
19789,3
19790,0
19791,0
19792,3
19793,0
19794,0
19795,3
19796,0
19797,0
19798,3
19799,0
19800,0
19801,3
19802,0
19803,0
19804,3
19805,0
19806,0
19807,3
19808,0
19809,0
19810,3
19811,0
19812,0
19813,3
19814,0
19815,0
19816,3
19817,0
19818,0
19819,3
19820,0
19821,0
19822,3
19823,0
19824,0
19825,3
19826,0
19827,0
19828,3
19829,0
19830,0
19831,3
19832,0
19833,0
19834,3
19835,0
19836,0
19837,3
19838,0
19839,0
19840,3
19841,0
19842,0
19843,3
19844,0
19845,0
19846,3
19847,0
19848,0
19849,3
19850,0
19851,0
19852,3
19853,0
19854,0
19855,3
19856,0
19857,0
19858,3
19859,0
19860,0
19861,3
19862,0
19863,0
19864,3
19865,0
19866,0
19867,3
19868,0
19869,0
19870,3
19871,0
19872,0
19873,3
19874,0
19875,0
19876,3
19877,0
19878,0
19879,3
19880,0
19881,0
19882,3
19883,0
19884,0
19885,3
19886,0
19887,0
19888,3
19889,0
19890,0
19891,3
19892,0
19893,0
19894,3
19895,0
19896,0
19897,3
19898,0
19899,0
19900,3
19901,0
19902,0
19903,3
19904,0
19905,0
19906,3
19907,0
19908,0
19909,3
19910,0
19911,0
19912,3
19913,0
19914,0
19915,3
19916,0
19917,0
19918,3
19919,0
19920,0
19921,3
19922,0
19923,0
19924,3
19925,0
19926,0
19927,3
19928,0
19929,0
19930,3
19931,0
19932,0
19933,3
19934,0
19935,0
19936,3
19937,0
19938,0
19939,3
19940,0
19941,0
19942,3
19943,0
19944,0
19945,3
19946,0
19947,0
19948,3
19949,0
19950,0
19951,3
19952,0
19953,0
19954,3
19955,0
19956,0
19957,3
19958,0
19959,0
19960,3
19961,0
19962,0
19963,3
19964,0
19965,0
19966,3
19967,0
19968,0
19969,3
19970,0
19971,0
19972,3
19973,0
19974,0
19975,3
19976,0
19977,0
19978,3
19979,0
19980,0
19981,3
19982,0
19983,0
19984,3
19985,0
19986,0
19987,3
19988,0
19989,0
19990,3
19991,0
19992,0
19993,3
19994,0
19995,0
19996,3
19997,0
19998,0
19999,3
20000,0
20001,0
20002,3
20003,0
20004,0
20005,3
20006,0
20007,0
20008,3
20009,0
20010,0
20011,3
20012,0
20013,0
20014,3
20015,0
20016,0
20017,3
20018,0
20019,0
20020,3
20021,0
20022,0
20023,3
20024,0
20025,0
20026,3
20027,0
20028,0
20029,3
20030,0
20031,0
20032,3
20033,0
20034,0
20035,3
20036,0
20037,0
20038,3
20039,0
20040,0
20041,3
20042,0
20043,0
20044,3
20045,0
20046,0
20047,3
20048,0
20049,0
20050,3
20051,0
20052,0
20053,3
20054,0
20055,0
20056,3
20057,0
20058,0
20059,3
20060,0
20061,0
20062,3
20063,0
20064,0
20065,3
20066,0
20067,0
20068,3
20069,0
20070,0
20071,3
20072,0
20073,0
20074,3
20075,0
20076,0
20077,3
20078,0
20079,0
20080,3
20081,0
20082,0
20083,3
20084,0
20085,0
20086,3
20087,0
20088,0
20089,3
20090,0
20091,0
20092,3
20093,0
20094,0
20095,3
20096,0
20097,0
20098,3
20099,0
20100,0
20101,3
20102,0
20103,0
20104,3
20105,0
20106,0
20107,3
20108,0
20109,0
20110,3
20111,0
20112,0
20113,3
20114,0
20115,0
20116,3
20117,0
20118,0
20119,3
20120,0
20121,0
20122,3
20123,0
20124,0
20125,3
20126,0
20127,0
20128,3
20129,0
20130,0
20131,3
20132,0
20133,0
20134,3
20135,0
20136,0
20137,3
20138,0
20139,0
20140,3
20141,0
20142,0
20143,3
20144,0
20145,0
20146,3
20147,0
20148,0
20149,3
20150,0
20151,0
20152,3
20153,0
20154,0
20155,3
20156,0
20157,0
20158,3
20159,0
20160,0
20161,3
20162,0
20163,0
20164,3
20165,0
20166,0
20167,3
20168,0
20169,0
20170,3
20171,0
20172,0
20173,3
20174,0
20175,0
20176,3
20177,0
20178,0
20179,3
20180,0
20181,0
20182,3
20183,0
20184,0
20185,3
20186,0
20187,0
20188,3
20189,0
20190,0
20191,3
20192,0
20193,0
20194,3
20195,0
20196,0
20197,3
20198,0
20199,0
20200,3
20201,0
20202,0
20203,3
20204,0
20205,0
20206,3
20207,0
20208,0
20209,3
20210,0
20211,0
20212,3
20213,0
20214,0
20215,3
20216,0
20217,0
20218,3
20219,0
20220,0
20221,3
20222,0
20223,0
20224,3
20225,0
20226,0
20227,3
20228,0
20229,0
20230,3
20231,0
20232,0
20233,3
20234,0
20235,0
20236,3
20237,0
20238,0
20239,3
20240,0
20241,0
20242,3
20243,0
20244,0
20245,3
20246,0
20247,0
20248,3
20249,0
20250,0
20251,3
20252,0
20253,0
20254,3
20255,0
20256,0
20257,3
20258,0
20259,0
20260,3
20261,0
20262,0
20263,3
20264,0
20265,0
20266,3
20267,0
20268,0
20269,3
20270,0
20271,0
20272,3
20273,0
20274,0
20275,3
20276,0
20277,0
20278,3
20279,0
20280,0
20281,3
20282,0
20283,0
20284,3
20285,0
20286,0
20287,3
20288,0
20289,0
20290,3
20291,0
20292,0
20293,3
20294,0
20295,0
20296,3
20297,0
20298,0
20299,3
20300,0
20301,0
20302,3
20303,0
20304,0
20305,3
20306,0
20307,0
20308,3
20309,0
20310,0
20311,3
20312,0
20313,0
20314,3
20315,0
20316,0
20317,3
20318,0
20319,0
20320,3
20321,0
20322,0
20323,3
20324,0
20325,0
20326,3
20327,0
20328,0
20329,3
20330,0
20331,0
20332,3
20333,0
20334,0
20335,3
20336,0
20337,0
20338,3
20339,0
20340,0
20341,3
20342,0
20343,0
20344,3
20345,0
20346,0
20347,3
20348,0
20349,0
20350,3
20351,0
20352,0
20353,3
20354,0
20355,0
20356,3
20357,0
20358,0
20359,3
20360,0
20361,0
20362,3
20363,0
20364,0
20365,3
20366,0
20367,0
20368,3
20369,0
20370,0
20371,3
20372,0
20373,0
20374,3
20375,0
20376,0
20377,3
20378,0
20379,0
20380,3
20381,0
20382,0
20383,3
20384,0
20385,0
20386,3
20387,0
20388,0
20389,3
20390,0
20391,0
20392,3
20393,0
20394,0
20395,3
20396,0
20397,0
20398,3
20399,0
20400,0
20401,3
20402,0
20403,0
20404,3
20405,0
20406,0
20407,3
20408,0
20409,0
20410,3
20411,0
20412,0
20413,3
20414,0
20415,0
20416,3
20417,0
20418,0
20419,3
20420,0
20421,0
20422,3
20423,0
20424,0
20425,3
20426,0
20427,0
20428,3
20429,0
20430,0
20431,3
20432,0
20433,0
20434,3
20435,0
20436,0
20437,3
20438,0
20439,0
20440,3
20441,0
20442,0
20443,3
20444,0
20445,0
20446,3
20447,0
20448,0
20449,3
20450,0
20451,0
20452,3
20453,0
20454,0
20455,3
20456,0
20457,0
20458,3
20459,0
20460,0
20461,3
20462,0
20463,0
20464,3
20465,0
20466,0
20467,3
20468,0
20469,0
20470,3
20471,0
20472,0
20473,3
20474,0
20475,0
20476,3
20477,0
20478,0
20479,3
20480,0
20481,0
20482,3
20483,0
20484,0
20485,3
20486,0
20487,0
20488,3
20489,0
20490,0
20491,3
20492,0
20493,0
20494,3
20495,0
20496,0
20497,3
20498,0
20499,0
20500,3
20501,0
20502,0
20503,3
20504,0
20505,0
20506,3
20507,0
20508,0
20509,3
20510,0
20511,0
20512,3
20513,0
20514,0
20515,3
20516,0
20517,0
20518,3
20519,0
20520,0
20521,3
20522,0
20523,0
20524,3
20525,0
20526,0
20527,3
20528,0
20529,0
20530,3
20531,0
20532,0
20533,3
20534,0
20535,0
20536,3
20537,0
20538,0
20539,3
20540,0
20541,0
20542,3
20543,0
20544,0
20545,3
20546,0
20547,0
20548,3
20549,0
20550,0
20551,3
20552,0
20553,0
20554,3
20555,0
20556,0
20557,3
20558,0
20559,0
20560,3
20561,0
20562,0
20563,3
20564,0
20565,0
20566,3
20567,0
20568,0
20569,3
20570,0
20571,0
20572,3
20573,0
20574,0
20575,3
20576,0
20577,0
20578,3
20579,0
20580,0
20581,3
20582,0
20583,0
20584,3
20585,0
20586,0
20587,3
20588,0
20589,0
20590,3
20591,0
20592,0
20593,3
20594,0
20595,0
20596,3
20597,0
20598,0
20599,3
20600,0
20601,0
20602,3
20603,0
20604,0
20605,3
20606,0
20607,0
20608,3
20609,0
20610,0
20611,3
20612,0
20613,0
20614,3
20615,0
20616,0
20617,3
20618,0
20619,0
20620,3
20621,0
20622,0
20623,3
20624,0
20625,0
20626,3
20627,0
20628,0
20629,3
20630,0
20631,0
20632,3
20633,0
20634,0
20635,3
20636,0
20637,0
20638,3
20639,0
20640,0
20641,3
20642,0
20643,0
20644,3
20645,0
20646,0
20647,3
20648,0
20649,0
20650,3
20651,0
20652,0
20653,3
20654,0
20655,0
20656,3
20657,0
20658,0
20659,3
20660,0
20661,0
20662,3
20663,0
20664,0
20665,3
20666,0
20667,0
20668,3
20669,0
20670,0
20671,3
20672,0
20673,0
20674,3
20675,0
20676,0
20677,3
20678,0
20679,0
20680,3
20681,0
20682,0
20683,3
20684,0
20685,0
20686,3
20687,0
20688,0
20689,3
20690,0
20691,0
20692,3
20693,0
20694,0
20695,3
20696,0
20697,0
20698,3
20699,0
20700,0
20701,3
20702,0
20703,0
20704,3
20705,0
20706,0
20707,3
20708,0
20709,0
20710,3
20711,0
20712,0
20713,3
20714,0
20715,0
20716,3
20717,0
20718,0
20719,3
20720,0
20721,0
20722,3
20723,0
20724,0
20725,3
20726,0
20727,0
20728,3
20729,0
20730,0
20731,3
20732,0
20733,0
20734,3
20735,0
20736,0
20737,3
20738,0
20739,0
20740,3
20741,0
20742,0
20743,3
20744,0
20745,0
20746,3
20747,0
20748,0
20749,3
20750,0
20751,0
20752,3
20753,0
20754,0
20755,3
20756,0
20757,0
20758,3
20759,0
20760,0
20761,3
20762,0
20763,0
20764,3
20765,0
20766,0
20767,3
20768,0
20769,0
20770,3
20771,0
20772,0
20773,3
20774,0
20775,0
20776,3
20777,0
20778,0
20779,3
20780,0
20781,0
20782,3
20783,0
20784,0
20785,3
20786,0
20787,0
20788,3
20789,0
20790,0
20791,3
20792,0
20793,0
20794,3
20795,0
20796,0
20797,3
20798,0
20799,0
20800,3
20801,0
20802,0
20803,3
20804,0
20805,0
20806,3
20807,0
20808,0
20809,3
20810,0
20811,0
20812,3
20813,0
20814,0
20815,3
20816,0
20817,0
20818,3
20819,0
20820,0
20821,3
20822,0
20823,0
20824,3
20825,0
20826,0
20827,3
20828,0
20829,0
20830,3
20831,0
20832,0
20833,3
20834,0
20835,0
20836,3
20837,0
20838,0
20839,3
20840,0
20841,0
20842,3
20843,0
20844,0
20845,3
20846,0
20847,0
20848,3
20849,0
20850,0
20851,3
20852,0
20853,0
20854,3
20855,0
20856,0
20857,3
20858,0
20859,0
20860,3
20861,0
20862,0
20863,3
20864,0
20865,0
20866,3
20867,0
20868,0
20869,3
20870,0
20871,0
20872,3
20873,0
20874,0
20875,3
20876,0
20877,0
20878,3
20879,0
20880,0
20881,3
20882,0
20883,0
20884,3
20885,0
20886,0
20887,3
20888,0
20889,0
20890,3
20891,0
20892,0
20893,3
20894,0
20895,0
20896,3
20897,0
20898,0
20899,3
20900,0
20901,0
20902,3
20903,0
20904,0
20905,3
20906,0
20907,0
20908,3
20909,0
20910,0
20911,3
20912,0
20913,0
20914,3
20915,0
20916,0
20917,3
20918,0
20919,0
20920,3
20921,0
20922,0
20923,3
20924,0
20925,0
20926,3
20927,0
20928,0
20929,3
20930,0
20931,0
20932,3
20933,0
20934,0
20935,3
20936,0
20937,0
20938,3
20939,0
20940,0
20941,3
20942,0
20943,0
20944,3
20945,0
20946,0
20947,3
20948,0
20949,0
20950,3
20951,0
20952,0
20953,3
20954,0
20955,0
20956,3
20957,0
20958,0
20959,3
20960,0
20961,0
20962,3
20963,0
20964,0
20965,3
20966,0
20967,0
20968,3
20969,0
20970,0
20971,3
20972,0
20973,0
20974,3
20975,0
20976,0
20977,3
20978,0
20979,0
20980,3
20981,0
20982,0
20983,3
20984,0
20985,0
20986,3
20987,0
20988,0
20989,3
20990,0
20991,0
20992,3
20993,0
20994,0
20995,3
20996,0
20997,0
20998,3
20999,0
21000,0
21001,3
21002,0
21003,0
21004,3
21005,0
21006,0
21007,3
21008,0
21009,0
21010,3
21011,0
21012,0
21013,3
21014,0
21015,0
21016,3
21017,0
21018,0
21019,3
21020,0
21021,0
21022,3
21023,0
21024,0
21025,3
21026,0
21027,0
21028,3
21029,0
21030,0
21031,3
21032,0
21033,0
21034,3
21035,0
21036,0
21037,3
21038,0
21039,0
21040,3
21041,0
21042,0
21043,3
21044,0
21045,0
21046,3
21047,0
21048,0
21049,3
21050,0
21051,0
21052,3
21053,0
21054,0
21055,3
21056,0
21057,0
21058,3
21059,0
21060,0
21061,3
21062,0
21063,0
21064,3
21065,0
21066,0
21067,3
21068,0
21069,0
21070,3
21071,0
21072,0
21073,3
21074,0
21075,0
21076,3
21077,0
21078,0
21079,3
21080,0
21081,0
21082,3
21083,0
21084,0
21085,3
21086,0
21087,0
21088,3
21089,0
21090,0
21091,3
21092,0
21093,0
21094,3
21095,0
21096,0
21097,3
21098,0
21099,0
21100,3
21101,0
21102,0
21103,3
21104,0
21105,0
21106,3
21107,0
21108,0
21109,3
21110,0
21111,0
21112,3
21113,0
21114,0
21115,3
21116,0
21117,0
21118,3
21119,0
21120,0
21121,3
21122,0
21123,0
21124,3
21125,0
21126,0
21127,3
21128,0
21129,0
21130,3
21131,0
21132,0
21133,3
21134,0
21135,0
21136,3
21137,0
21138,0
21139,3
21140,0
21141,0
21142,3
21143,0
21144,0
21145,3
21146,0
21147,0
21148,3
21149,0
21150,0
21151,3
21152,0
21153,0
21154,3
21155,0
21156,0
21157,3
21158,0
21159,0
21160,3
21161,0
21162,0
21163,3
21164,0
21165,0
21166,3
21167,0
21168,0
21169,3
21170,0
21171,0
21172,3
21173,0
21174,0
21175,3
21176,0
21177,0
21178,3
21179,0
21180,0
21181,3
21182,0
21183,0
21184,3
21185,0
21186,0
21187,3
21188,0
21189,0
21190,3
21191,0
21192,0
21193,3
21194,0
21195,0
21196,3
21197,0
21198,0
21199,3
21200,0
21201,0
21202,3
21203,0
21204,0
21205,3
21206,0
21207,0
21208,3
21209,0
21210,0
21211,3
21212,0
21213,0
21214,3
21215,0
21216,0
21217,3
21218,0
21219,0
21220,3
21221,0
21222,0
21223,3
21224,0
21225,0
21226,3
21227,0
21228,0
21229,3
21230,0
21231,0
21232,3
21233,0
21234,0
21235,3
21236,0
21237,0
21238,3
21239,0
21240,0
21241,3
21242,0
21243,0
21244,3
21245,0
21246,0
21247,3
21248,0
21249,0
21250,3
21251,0
21252,0
21253,3
21254,0
21255,0
21256,3
21257,0
21258,0
21259,3
21260,0
21261,0
21262,3
21263,0
21264,0
21265,3
21266,0
21267,0
21268,3
21269,0
21270,0
21271,3
21272,0
21273,0
21274,3
21275,0
21276,0
21277,3
21278,0
21279,0
21280,3
21281,0
21282,0
21283,3
21284,0
21285,0
21286,3
21287,0
21288,0
21289,3
21290,0
21291,0
21292,3
21293,0
21294,0
21295,3
21296,0
21297,0
21298,3
21299,0
21300,0
21301,3
21302,0
21303,0
21304,3
21305,0
21306,0
21307,3
21308,0
21309,0
21310,3
21311,0
21312,0
21313,3
21314,0
21315,0
21316,3
21317,0
21318,0
21319,3
21320,0
21321,0
21322,3
21323,0
21324,0
21325,3
21326,0
21327,0
21328,3
21329,0
21330,0
21331,3
21332,0
21333,0
21334,3
21335,0
21336,0
21337,3
21338,0
21339,0
21340,3
21341,0
21342,0
21343,3
21344,0
21345,0
21346,3
21347,0
21348,0
21349,3
21350,0
21351,0
21352,3
21353,0
21354,0
21355,3
21356,0
21357,0
21358,3
21359,0
21360,0
21361,3
21362,0
21363,0
21364,3
21365,0
21366,0
21367,3
21368,0
21369,0
21370,3
21371,0
21372,0
21373,3
21374,0
21375,0
21376,3
21377,0
21378,0
21379,3
21380,0
21381,0
21382,3
21383,0
21384,0
21385,3
21386,0
21387,0
21388,3
21389,0
21390,0
21391,3
21392,0
21393,0
21394,3
21395,0
21396,0
21397,3
21398,0
21399,0
21400,3
21401,0
21402,0
21403,3
21404,0
21405,0
21406,3
21407,0
21408,0
21409,3
21410,0
21411,0
21412,3
21413,0
21414,0
21415,3
21416,0
21417,0
21418,3
21419,0
21420,0
21421,3
21422,0
21423,0
21424,3
21425,0
21426,0
21427,3
21428,0
21429,0
21430,3
21431,0
21432,0
21433,3
21434,0
21435,0
21436,3
21437,0
21438,0
21439,3
21440,0
21441,0
21442,3
21443,0
21444,0
21445,3
21446,0
21447,0
21448,3
21449,0
21450,0
21451,3
21452,0
21453,0
21454,3
21455,0
21456,0
21457,3
21458,0
21459,0
21460,3
21461,0
21462,0
21463,3
21464,0
21465,0
21466,3
21467,0
21468,0
21469,3
21470,0
21471,0
21472,3
21473,0
21474,0
21475,3
21476,0
21477,0
21478,3
21479,0
21480,0
21481,3
21482,0
21483,0
21484,3
21485,0
21486,0
21487,3
21488,0
21489,0
21490,3
21491,0
21492,0
21493,3
21494,0
21495,0
21496,3
21497,0
21498,0
21499,3
21500,0
21501,0
21502,3
21503,0
21504,0
21505,3
21506,0
21507,0
21508,3
21509,0
21510,0
21511,3
21512,0
21513,0
21514,3
21515,0
21516,0
21517,3
21518,0
21519,0
21520,3
21521,0
21522,0
21523,3
21524,0
21525,0
21526,3
21527,0
21528,0
21529,3
21530,0
21531,0
21532,3
21533,0
21534,0
21535,3
21536,0
21537,0
21538,3
21539,0
21540,0
21541,3
21542,0
21543,0
21544,3
21545,0
21546,0
21547,3
21548,0
21549,0
21550,3
21551,0
21552,0
21553,3
21554,0
21555,0
21556,3
21557,0
21558,0
21559,3
21560,0
21561,0
21562,3
21563,0
21564,0
21565,3
21566,0
21567,0
21568,3
21569,0
21570,0
21571,3
21572,0
21573,0
21574,3
21575,0
21576,0
21577,3
21578,0
21579,0
21580,3
21581,0
21582,0
21583,3
21584,0
21585,0
21586,3
21587,0
21588,0
21589,3
21590,0
21591,0
21592,3
21593,0
21594,0
21595,3
21596,0
21597,0
21598,3
21599,0
21600,0
21601,3
21602,0
21603,0
21604,3
21605,0
21606,0
21607,3
21608,0
21609,0
21610,3
21611,0
21612,0
21613,3
21614,0
21615,0
21616,3
21617,0
21618,0
21619,3
21620,0
21621,0
21622,3
21623,0
21624,0
21625,3
21626,0
21627,0
21628,3
21629,0
21630,0
21631,3
21632,0
21633,0
21634,3
21635,0
21636,0
21637,3
21638,0
21639,0
21640,3
21641,0
21642,0
21643,3
21644,0
21645,0
21646,3
21647,0
21648,0
21649,3
21650,0
21651,0
21652,3
21653,0
21654,0
21655,3
21656,0
21657,0
21658,3
21659,0
21660,0
21661,3
21662,0
21663,0
21664,3
21665,0
21666,0
21667,3
21668,0
21669,0
21670,3
21671,0
21672,0
21673,3
21674,0
21675,0
21676,3
21677,0
21678,0
21679,3
21680,0
21681,0
21682,3
21683,0
21684,0
21685,3
21686,0
21687,0
21688,3
21689,0
21690,0
21691,3
21692,0
21693,0
21694,3
21695,0
21696,0
21697,3
21698,0
21699,0
21700,3
21701,0
21702,0
21703,3
21704,0
21705,0
21706,3
21707,0
21708,0
21709,3
21710,0
21711,0
21712,3
21713,0
21714,0
21715,3
21716,0
21717,0
21718,3
21719,0
21720,0
21721,3
21722,0
21723,0
21724,3
21725,0
21726,0
21727,3
21728,0
21729,0
21730,3
21731,0
21732,0
21733,3
21734,0
21735,0
21736,3
21737,0
21738,0
21739,3
21740,0
21741,0
21742,3
21743,0
21744,0
21745,3
21746,0
21747,0
21748,3
21749,0
21750,0
21751,3
21752,0
21753,0
21754,3
21755,0
21756,0
21757,3
21758,0
21759,0
21760,3
21761,0
21762,0
21763,3
21764,0
21765,0
21766,3
21767,0
21768,0
21769,3
21770,0
21771,0
21772,3
21773,0
21774,0
21775,3
21776,0
21777,0
21778,3
21779,0
21780,0
21781,3
21782,0
21783,0
21784,3
21785,0
21786,0
21787,3
21788,0
21789,0
21790,3
21791,0
21792,0
21793,3
21794,0
21795,0
21796,3
21797,0
21798,0
21799,3
21800,0
21801,0
21802,3
21803,0
21804,0
21805,3
21806,0
21807,0
21808,3
21809,0
21810,0
21811,3
21812,0
21813,0
21814,3
21815,0
21816,0
21817,3
21818,0
21819,0
21820,3
21821,0
21822,0
21823,3
21824,0
21825,0
21826,3
21827,0
21828,0
21829,3
21830,0
21831,0
21832,3
21833,0
21834,0
21835,3
21836,0
21837,0
21838,3
21839,0
21840,0
21841,3
21842,0
21843,0
21844,3
21845,0
21846,0
21847,3
21848,0
21849,0
21850,3
21851,0
21852,0
21853,3
21854,0
21855,0
21856,3
21857,0
21858,0
21859,3
21860,0
21861,0
21862,3
21863,0
21864,0
21865,3
21866,0
21867,0
21868,3
21869,0
21870,0
21871,3
21872,0
21873,0
21874,3
21875,0
21876,0
21877,3
21878,0
21879,0
21880,3
21881,0
21882,0
21883,3
21884,0
21885,0
21886,3
21887,0
21888,0
21889,3
21890,0
21891,0
21892,3
21893,0
21894,0
21895,3
21896,0
21897,0
21898,3
21899,0
21900,0
21901,3
21902,0
21903,0
21904,3
21905,0
21906,0
21907,3
21908,0
21909,0
21910,3
21911,0
21912,0
21913,3
21914,0
21915,0
21916,3
21917,0
21918,0
21919,3
21920,0
21921,0
21922,3
21923,0
21924,0
21925,3
21926,0
21927,0
21928,3
21929,0
21930,0
21931,3
21932,0
21933,0
21934,3
21935,0
21936,0
21937,3
21938,0
21939,0
21940,3
21941,0
21942,0
21943,3
21944,0
21945,0
21946,3
21947,0
21948,0
21949,3
21950,0
21951,0
21952,3
21953,0
21954,0
21955,3
21956,0
21957,0
21958,3
21959,0
21960,0
21961,3
21962,0
21963,0
21964,3
21965,0
21966,0
21967,3
21968,0
21969,0
21970,3
21971,0
21972,0
21973,3
21974,0
21975,0
21976,3
21977,0
21978,0
21979,3
21980,0
21981,0
21982,3
21983,0
21984,0
21985,3
21986,0
21987,0
21988,3
21989,0
21990,0
21991,3
21992,0
21993,0
21994,3
21995,0
21996,0
21997,3
21998,0
21999,0
22000,3
22001,0
22002,0
22003,3
22004,0
22005,0
22006,3
22007,0
22008,0
22009,3
22010,0
22011,0
22012,3
22013,0
22014,0
22015,3
22016,0
22017,0
22018,3
22019,0
22020,0
22021,3
22022,0
22023,0
22024,3
22025,0
22026,0
22027,3
22028,0
22029,0
22030,3
22031,0
22032,0
22033,3
22034,0
22035,0
22036,3
22037,0
22038,0
22039,3
22040,0
22041,0
22042,3
22043,0
22044,0
22045,3
22046,0
22047,0
22048,3
22049,0
22050,0
22051,3
22052,0
22053,0
22054,3
22055,0
22056,0
22057,3
22058,0
22059,0
22060,3
22061,0
22062,0
22063,3
22064,0
22065,0
22066,3
22067,0
22068,0
22069,3
22070,0
22071,0
22072,3
22073,0
22074,0
22075,3
22076,0
22077,0
22078,3
22079,0
22080,0
22081,3
22082,0
22083,0
22084,3
22085,0
22086,0
22087,3
22088,0
22089,0
22090,3
22091,0
22092,0
22093,3
22094,0
22095,0
22096,3
22097,0
22098,0
22099,3
22100,0
22101,0
22102,3
22103,0
22104,0
22105,3
22106,0
22107,0
22108,3
22109,0
22110,0
22111,3
22112,0
22113,0
22114,3
22115,0
22116,0
22117,3
22118,0
22119,0
22120,3
22121,0
22122,0
22123,3
22124,0
22125,0
22126,3
22127,0
22128,0
22129,3
22130,0
22131,0
22132,3
22133,0
22134,0
22135,3
22136,0
22137,0
22138,3
22139,0
22140,0
22141,3
22142,0
22143,0
22144,3
22145,0
22146,0
22147,3
22148,0
22149,0
22150,3
22151,0
22152,0
22153,3
22154,0
22155,0
22156,3
22157,0
22158,0
22159,3
22160,0
22161,0
22162,3
22163,0
22164,0
22165,3
22166,0
22167,0
22168,3
22169,0
22170,0
22171,3
22172,0
22173,0
22174,3
22175,0
22176,0
22177,3
22178,0
22179,0
22180,3
22181,0
22182,0
22183,3
22184,0
22185,0
22186,3
22187,0
22188,0
22189,3
22190,0
22191,0
22192,3
22193,0
22194,0
22195,3
22196,0
22197,0
22198,3
22199,0
22200,0
22201,3
22202,0
22203,0
22204,3
22205,0
22206,0
22207,3
22208,0
22209,0
22210,3
22211,0
22212,0
22213,3
22214,0
22215,0
22216,3
22217,0
22218,0
22219,3
22220,0
22221,0
22222,3
22223,0
22224,0
22225,3
22226,0
22227,0
22228,3
22229,0
22230,0
22231,3
22232,0
22233,0
22234,3
22235,0
22236,0
22237,3
22238,0
22239,0
22240,3
22241,0
22242,0
22243,3
22244,0
22245,0
22246,3
22247,0
22248,0
22249,3
22250,0
22251,0
22252,3
22253,0
22254,0
22255,3
22256,0
22257,0
22258,3
22259,0
22260,0
22261,3
22262,0
22263,0
22264,3
22265,0
22266,0
22267,3
22268,0
22269,0
22270,3
22271,0
22272,0
22273,3
22274,0
22275,0
22276,3
22277,0
22278,0
22279,3
22280,0
22281,0
22282,3
22283,0
22284,0
22285,3
22286,0
22287,0
22288,3
22289,0
22290,0
22291,3
22292,0
22293,0
22294,3
22295,0
22296,0
22297,3
22298,0
22299,0
22300,3
22301,0
22302,0
22303,3
22304,0
22305,0
22306,3
22307,0
22308,0
22309,3
22310,0
22311,0
22312,3
22313,0
22314,0
22315,3
22316,0
22317,0
22318,3
22319,0
22320,0
22321,3
22322,0
22323,0
22324,3
22325,0
22326,0
22327,3
22328,0
22329,0
22330,3
22331,0
22332,0
22333,3
22334,0
22335,0
22336,3
22337,0
22338,0
22339,3
22340,0
22341,0
22342,3
22343,0
22344,0
22345,3
22346,0
22347,0
22348,3
22349,0
22350,0
22351,3
22352,0
22353,0
22354,3
22355,0
22356,0
22357,3
22358,0
22359,0
22360,3
22361,0
22362,0
22363,3
22364,0
22365,0
22366,3
22367,0
22368,0
22369,3
22370,0
22371,0
22372,3
22373,0
22374,0
22375,3
22376,0
22377,0
22378,3
22379,0
22380,0
22381,3
22382,0
22383,0
22384,3
22385,0
22386,0
22387,3
22388,0
22389,0
22390,3
22391,0
22392,0
22393,3
22394,0
22395,0
22396,3
22397,0
22398,0
22399,3
22400,0
22401,0
22402,3
22403,0
22404,0
22405,3
22406,0
22407,0
22408,3
22409,0
22410,0
22411,3
22412,0
22413,0
22414,3
22415,0
22416,0
22417,3
22418,0
22419,0
22420,3
22421,0
22422,0
22423,3
22424,0
22425,0
22426,3
22427,0
22428,0
22429,3
22430,0
22431,0
22432,3
22433,0
22434,0
22435,3
22436,0
22437,0
22438,3
22439,0
22440,0
22441,3
22442,0
22443,0
22444,3
22445,0
22446,0
22447,3
22448,0
22449,0
22450,3
22451,0
22452,0
22453,3
22454,0
22455,0
22456,3
22457,0
22458,0
22459,3
22460,0
22461,0
22462,3
22463,0
22464,0
22465,3
22466,0
22467,0
22468,3
22469,0
22470,0
22471,3
22472,0
22473,0
22474,3
22475,0
22476,0
22477,3
22478,0
22479,0
22480,3
22481,0
22482,0
22483,3
22484,0
22485,0
22486,3
22487,0
22488,0
22489,3
22490,0
22491,0
22492,3
22493,0
22494,0
22495,3
22496,0
22497,0
22498,3
22499,0
22500,0
22501,3
22502,0
22503,0
22504,3
22505,0
22506,0
22507,3
22508,0
22509,0
22510,3
22511,0
22512,0
22513,3
22514,0
22515,0
22516,3
22517,0
22518,0
22519,3
22520,0
22521,0
22522,3
22523,0
22524,0
22525,3
22526,0
22527,0
22528,3
22529,0
22530,0
22531,3
22532,0
22533,0
22534,3
22535,0
22536,0
22537,3
22538,0
22539,0
22540,3
22541,0
22542,0
22543,3
22544,0
22545,0
22546,3
22547,0
22548,0
22549,3
22550,0
22551,0
22552,3
22553,0
22554,0
22555,3
22556,0
22557,0
22558,3
22559,0
22560,0
22561,3
22562,0
22563,0
22564,3
22565,0
22566,0
22567,3
22568,0
22569,0
22570,3
22571,0
22572,0
22573,3
22574,0
22575,0
22576,3
22577,0
22578,0
22579,3
22580,0
22581,0
22582,3
22583,0
22584,0
22585,3
22586,0
22587,0
22588,3
22589,0
22590,0
22591,3
22592,0
22593,0
22594,3
22595,0
22596,0
22597,3
22598,0
22599,0
22600,3
22601,0
22602,0
22603,3
22604,0
22605,0
22606,3
22607,0
22608,0
22609,3
22610,0
22611,0
22612,3
22613,0
22614,0
22615,3
22616,0
22617,0
22618,3
22619,0
22620,0
22621,3
22622,0
22623,0
22624,3
22625,0
22626,0
22627,3
22628,0
22629,0
22630,3
22631,0
22632,0
22633,3
22634,0
22635,0
22636,3
22637,0
22638,0
22639,3
22640,0
22641,0
22642,3
22643,0
22644,0
22645,3
22646,0
22647,0
22648,3
22649,0
22650,0
22651,3
22652,0
22653,0
22654,3
22655,0
22656,0
22657,3
22658,0
22659,0
22660,3
22661,0
22662,0
22663,3
22664,0
22665,0
22666,3
22667,0
22668,0
22669,3
22670,0
22671,0
22672,3
22673,0
22674,0
22675,3
22676,0
22677,0
22678,3
22679,0
22680,0
22681,3
22682,0
22683,0
22684,3
22685,0
22686,0
22687,3
22688,0
22689,0
22690,3
22691,0
22692,0
22693,3
22694,0
22695,0
22696,3
22697,0
22698,0
22699,3
22700,0
22701,0
22702,3
22703,0
22704,0
22705,3
22706,0
22707,0
22708,3
22709,0
22710,0
22711,3
22712,0
22713,0
22714,3
22715,0
22716,0
22717,3
22718,0
22719,0
22720,3
22721,0
22722,0
22723,3
22724,0
22725,0
22726,3
22727,0
22728,0
22729,3
22730,0
22731,0
22732,3
22733,0
22734,0
22735,3
22736,0
22737,0
22738,3
22739,0
22740,0
22741,3
22742,0
22743,0
22744,3
22745,0
22746,0
22747,3
22748,0
22749,0
22750,3
22751,0
22752,0
22753,3
22754,0
22755,0
22756,3
22757,0
22758,0
22759,3
22760,0
22761,0
22762,3
22763,0
22764,0
22765,3
22766,0
22767,0
22768,3
22769,0
22770,0
22771,3
22772,0
22773,0
22774,3
22775,0
22776,0
22777,3
22778,0
22779,0
22780,3
22781,0
22782,0
22783,3
22784,0
22785,0
22786,3
22787,0
22788,0
22789,3
22790,0
22791,0
22792,3
22793,0
22794,0
22795,3
22796,0
22797,0
22798,3
22799,0
22800,0
22801,3
22802,0
22803,0
22804,3
22805,0
22806,0
22807,3
22808,0
22809,0
22810,3
22811,0
22812,0
22813,3
22814,0
22815,0
22816,3
22817,0
22818,0
22819,3
22820,0
22821,0
22822,3
22823,0
22824,0
22825,3
22826,0
22827,0
22828,3
22829,0
22830,0
22831,3
22832,0
22833,0
22834,3
22835,0
22836,0
22837,3
22838,0
22839,0
22840,3
22841,0
22842,0
22843,3
22844,0
22845,0
22846,3
22847,0
22848,0
22849,3
22850,0
22851,0
22852,3
22853,0
22854,0
22855,3
22856,0
22857,0
22858,3
22859,0
22860,0
22861,3
22862,0
22863,0
22864,3
22865,0
22866,0
22867,3
22868,0
22869,0
22870,3
22871,0
22872,0
22873,3
22874,0
22875,0
22876,3
22877,0
22878,0
22879,3
22880,0
22881,0
22882,3
22883,0
22884,0
22885,3
22886,0
22887,0
22888,3
22889,0
22890,0
22891,3
22892,0
22893,0
22894,3
22895,0
22896,0
22897,3
22898,0
22899,0
22900,3
22901,0
22902,0
22903,3
22904,0
22905,0
22906,3
22907,0
22908,0
22909,3
22910,0
22911,0
22912,3
22913,0
22914,0
22915,3
22916,0
22917,0
22918,3
22919,0
22920,0
22921,3
22922,0
22923,0
22924,3
22925,0
22926,0
22927,3
22928,0
22929,0
22930,3
22931,0
22932,0
22933,3
22934,0
22935,0
22936,3
22937,0
22938,0
22939,3
22940,0
22941,0
22942,3
22943,0
22944,0
22945,3
22946,0
22947,0
22948,3
22949,0
22950,0
22951,3
22952,0
22953,0
22954,3
22955,0
22956,0
22957,3
22958,0
22959,0
22960,3
22961,0
22962,0
22963,3
22964,0
22965,0
22966,3
22967,0
22968,0
22969,3
22970,0
22971,0
22972,3
22973,0
22974,0
22975,3
22976,0
22977,0
22978,3
22979,0
22980,0
22981,3
22982,0
22983,0
22984,3
22985,0
22986,0
22987,3
22988,0
22989,0
22990,3
22991,0
22992,0
22993,3
22994,0
22995,0
22996,3
22997,0
22998,0
22999,3
23000,0
23001,0
23002,3
23003,0
23004,0
23005,3
23006,0
23007,0
23008,3
23009,0
23010,0
23011,3
23012,0
23013,0
23014,3
23015,0
23016,0
23017,3
23018,0
23019,0
23020,3
23021,0
23022,0
23023,3
23024,0
23025,0
23026,3
23027,0
23028,0
23029,3
23030,0
23031,0
23032,3
23033,0
23034,0
23035,3
23036,0
23037,0
23038,3
23039,0
23040,0
23041,3
23042,0
23043,0
23044,3
23045,0
23046,0
23047,3
23048,0
23049,0
23050,3
23051,0
23052,0
23053,3
23054,0
23055,0
23056,3
23057,0
23058,0
23059,3
23060,0
23061,0
23062,3
23063,0
23064,0
23065,3
23066,0
23067,0
23068,3
23069,0
23070,0
23071,3
23072,0
23073,0
23074,3
23075,0
23076,0
23077,3
23078,0
23079,0
23080,3
23081,0
23082,0
23083,3
23084,0
23085,0
23086,3
23087,0
23088,0
23089,3
23090,0
23091,0
23092,3
23093,0
23094,0
23095,3
23096,0
23097,0
23098,3
23099,0
23100,0
23101,3
23102,0
23103,0
23104,3
23105,0
23106,0
23107,3
23108,0
23109,0
23110,3
23111,0
23112,0
23113,3
23114,0
23115,0
23116,3
23117,0
23118,0
23119,3
23120,0
23121,0
23122,3
23123,0
23124,0
23125,3
23126,0
23127,0
23128,3
23129,0
23130,0
23131,3
23132,0
23133,0
23134,3
23135,0
23136,0
23137,3
23138,0
23139,0
23140,3
23141,0
23142,0
23143,3
23144,0
23145,0
23146,3
23147,0
23148,0
23149,3
23150,0
23151,0
23152,3
23153,0
23154,0
23155,3
23156,0
23157,0
23158,3
23159,0
23160,0
23161,3
23162,0
23163,0
23164,3
23165,0
23166,0
23167,3
23168,0
23169,0
23170,3
23171,0
23172,0
23173,3
23174,0
23175,0
23176,3
23177,0
23178,0
23179,3
23180,0
23181,0
23182,3
23183,0
23184,0
23185,3
23186,0
23187,0
23188,3
23189,0
23190,0
23191,3
23192,0
23193,0
23194,3
23195,0
23196,0
23197,3
23198,0
23199,0
23200,3
23201,0
23202,0
23203,3
23204,0
23205,0
23206,3
23207,0
23208,0
23209,3
23210,0
23211,0
23212,3
23213,0
23214,0
23215,3
23216,0
23217,0
23218,3
23219,0
23220,0
23221,3
23222,0
23223,0
23224,3
23225,0
23226,0
23227,3
23228,0
23229,0
23230,3
23231,0
23232,0
23233,3
23234,0
23235,0
23236,3
23237,0
23238,0
23239,3
23240,0
23241,0
23242,3
23243,0
23244,0
23245,3
23246,0
23247,0
23248,3
23249,0
23250,0
23251,3
23252,0
23253,0
23254,3
23255,0
23256,0
23257,3
23258,0
23259,0
23260,3
23261,0
23262,0
23263,3
23264,0
23265,0
23266,3
23267,0
23268,0
23269,3
23270,0
23271,0
23272,3
23273,0
23274,0
23275,3
23276,0
23277,0
23278,3
23279,0
23280,0
23281,3
23282,0
23283,0
23284,3
23285,0
23286,0
23287,3
23288,0
23289,0
23290,3
23291,0
23292,0
23293,3
23294,0
23295,0
23296,3
23297,0
23298,0
23299,3
23300,0
23301,0
23302,3
23303,0
23304,0
23305,3
23306,0
23307,0
23308,3
23309,0
23310,0
23311,3
23312,0
23313,0
23314,3
23315,0
23316,0
23317,3
23318,0
23319,0
23320,3
23321,0
23322,0
23323,3
23324,0
23325,0
23326,3
23327,0
23328,0
23329,3
23330,0
23331,0
23332,3
23333,0
23334,0
23335,3
23336,0
23337,0
23338,3
23339,0
23340,0
23341,3
23342,0
23343,0
23344,3
23345,0
23346,0
23347,3
23348,0
23349,0
23350,3
23351,0
23352,0
23353,3
23354,0
23355,0
23356,3
23357,0
23358,0
23359,3
23360,0
23361,0
23362,3
23363,0
23364,0
23365,3
23366,0
23367,0
23368,3
23369,0
23370,0
23371,3
23372,0
23373,0
23374,3
23375,0
23376,0
23377,3
23378,0
23379,0
23380,3
23381,0
23382,0
23383,3
23384,0
23385,0
23386,3
23387,0
23388,0
23389,3
23390,0
23391,0
23392,3
23393,0
23394,0
23395,3
23396,0
23397,0
23398,3
23399,0
23400,0
23401,3
23402,0
23403,0
23404,3
23405,0
23406,0
23407,3
23408,0
23409,0
23410,3
23411,0
23412,0
23413,3
23414,0
23415,0
23416,3
23417,0
23418,0
23419,3
23420,0
23421,0
23422,3
23423,0
23424,0
23425,3
23426,0
23427,0
23428,3
23429,0
23430,0
23431,3
23432,0
23433,0
23434,3
23435,0
23436,0
23437,3
23438,0
23439,0
23440,3
23441,0
23442,0
23443,3
23444,0
23445,0
23446,3
23447,0
23448,0
23449,3
23450,0
23451,0
23452,3
23453,0
23454,0
23455,3
23456,0
23457,0
23458,3
23459,0
23460,0
23461,3
23462,0
23463,0
23464,3
23465,0
23466,0
23467,3
23468,0
23469,0
23470,3
23471,0
23472,0
23473,3
23474,0
23475,0
23476,3
23477,0
23478,0
23479,3
23480,0
23481,0
23482,3
23483,0
23484,0
23485,3
23486,0
23487,0
23488,3
23489,0
23490,0
23491,3
23492,0
23493,0
23494,3
23495,0
23496,0
23497,3
23498,0
23499,0
23500,3
23501,0
23502,0
23503,3
23504,0
23505,0
23506,3
23507,0
23508,0
23509,3
23510,0
23511,0
23512,3
23513,0
23514,0
23515,3
23516,0
23517,0
23518,3
23519,0
23520,0
23521,3
23522,0
23523,0
23524,3
23525,0
23526,0
23527,3
23528,0
23529,0
23530,3
23531,0
23532,0
23533,3
23534,0
23535,0
23536,3
23537,0
23538,0
23539,3
23540,0
23541,0
23542,3
23543,0
23544,0
23545,3
23546,0
23547,0
23548,3
23549,0
23550,0
23551,3
23552,0
23553,0
23554,3
23555,0
23556,0
23557,3
23558,0
23559,0
23560,3
23561,0
23562,0
23563,3
23564,0
23565,0
23566,3
23567,0
23568,0
23569,3
23570,0
23571,0
23572,3
23573,0
23574,0
23575,3
23576,0
23577,0
23578,3
23579,0
23580,0
23581,3
23582,0
23583,0
23584,3
23585,0
23586,0
23587,3
23588,0
23589,0
23590,3
23591,0
23592,0
23593,3
23594,0
23595,0
23596,3
23597,0
23598,0
23599,3
23600,0
23601,0
23602,3
23603,0
23604,0
23605,3
23606,0
23607,0
23608,3
23609,0
23610,0
23611,3
23612,0
23613,0
23614,3
23615,0
23616,0
23617,3
23618,0
23619,0
23620,3
23621,0
23622,0
23623,3
23624,0
23625,0
23626,3
23627,0
23628,0
23629,3
23630,0
23631,0
23632,3
23633,0
23634,0
23635,3
23636,0
23637,0
23638,3
23639,0
23640,0
23641,3
23642,0
23643,0
23644,3
23645,0
23646,0
23647,3
23648,0
23649,0
23650,3
23651,0
23652,0
23653,3
23654,0
23655,0
23656,3
23657,0
23658,0
23659,3
23660,0
23661,0
23662,3
23663,0
23664,0
23665,3
23666,0
23667,0
23668,3
23669,0
23670,0
23671,3
23672,0
23673,0
23674,3
23675,0
23676,0
23677,3
23678,0
23679,0
23680,3
23681,0
23682,0
23683,3
23684,0
23685,0
23686,3
23687,0
23688,0
23689,3
23690,0
23691,0
23692,3
23693,0
23694,0
23695,3
23696,0
23697,0
23698,3
23699,0
23700,0
23701,3
23702,0
23703,0
23704,3
23705,0
23706,0
23707,3
23708,0
23709,0
23710,3
23711,0
23712,0
23713,3
23714,0
23715,0
23716,3
23717,0
23718,0
23719,3
23720,0
23721,0
23722,3
23723,0
23724,0
23725,3
23726,0
23727,0
23728,3
23729,0
23730,0
23731,3
23732,0
23733,0
23734,3
23735,0
23736,0
23737,3
23738,0
23739,0
23740,3
23741,0
23742,0
23743,3
23744,0
23745,0
23746,3
23747,0
23748,0
23749,3
23750,0
23751,0
23752,3
23753,0
23754,0
23755,3
23756,0
23757,0
23758,3
23759,0
23760,0
23761,3
23762,0
23763,0
23764,3
23765,0
23766,0
23767,3
23768,0
23769,0
23770,3
23771,0
23772,0
23773,3
23774,0
23775,0
23776,3
23777,0
23778,0
23779,3
23780,0
23781,0
23782,3
23783,0
23784,0
23785,3
23786,0
23787,0
23788,3
23789,0
23790,0
23791,3
23792,0
23793,0
23794,3
23795,0
23796,0
23797,3
23798,0
23799,0
23800,3
23801,0
23802,0
23803,3
23804,0
23805,0
23806,3
23807,0
23808,0
23809,3
23810,0
23811,0
23812,3
23813,0
23814,0
23815,3
23816,0
23817,0
23818,3
23819,0
23820,0
23821,3
23822,0
23823,0
23824,3
23825,0
23826,0
23827,3
23828,0
23829,0
23830,3
23831,0
23832,0
23833,3
23834,0
23835,0
23836,3
23837,0
23838,0
23839,3
23840,0
23841,0
23842,3
23843,0
23844,0
23845,3
23846,0
23847,0
23848,3
23849,0
23850,0
23851,3
23852,0
23853,0
23854,3
23855,0
23856,0
23857,3
23858,0
23859,0
23860,3
23861,0
23862,0
23863,3
23864,0
23865,0
23866,3
23867,0
23868,0
23869,3
23870,0
23871,0
23872,3
23873,0
23874,0
23875,3
23876,0
23877,0
23878,3
23879,0
23880,0
23881,3
23882,0
23883,0
23884,3
23885,0
23886,0
23887,3
23888,0
23889,0
23890,3
23891,0
23892,0
23893,3
23894,0
23895,0
23896,3
23897,0
23898,0
23899,3
23900,0
23901,0
23902,3
23903,0
23904,0
23905,3
23906,0
23907,0
23908,3
23909,0
23910,0
23911,3
23912,0
23913,0
23914,3
23915,0
23916,0
23917,3
23918,0
23919,0
23920,3
23921,0
23922,0
23923,3
23924,0
23925,0
23926,3
23927,0
23928,0
23929,3
23930,0
23931,0
23932,3
23933,0
23934,0
23935,3
23936,0
23937,0
23938,3
23939,0
23940,0
23941,3
23942,0
23943,0
23944,3
23945,0
23946,0
23947,3
23948,0
23949,0
23950,3
23951,0
23952,0
23953,3
23954,0
23955,0
23956,3
23957,0
23958,0
23959,3
23960,0
23961,0
23962,3
23963,0
23964,0
23965,3
23966,0
23967,0
23968,3
23969,0
23970,0
23971,3
23972,0
23973,0
23974,3
23975,0
23976,0
23977,3
23978,0
23979,0
23980,3
23981,0
23982,0
23983,3
23984,0
23985,0
23986,3
23987,0
23988,0
23989,3
23990,0
23991,0
23992,3
23993,0
23994,0
23995,3
23996,0
23997,0
23998,3
23999,0
24000,0
24001,3
24002,0
24003,0
24004,3
24005,0
24006,0
24007,3
24008,0
24009,0
24010,3
24011,0
24012,0
24013,3
24014,0
24015,0
24016,3
24017,0
24018,0
24019,3
24020,0
24021,0
24022,3
24023,0
24024,0
24025,3
24026,0
24027,0
24028,3
24029,0
24030,0
24031,3
24032,0
24033,0
24034,3
24035,0
24036,0
24037,3
24038,0
24039,0
24040,3
24041,0
24042,0
24043,3
24044,0
24045,0
24046,3
24047,0
24048,0
24049,3
24050,0
24051,0
24052,3
24053,0
24054,0
24055,3
24056,0
24057,0
24058,3
24059,0
24060,0
24061,3
24062,0
24063,0
24064,3
24065,0
24066,0
24067,3
24068,0
24069,0
24070,3
24071,0
24072,0
24073,3
24074,0
24075,0
24076,3
24077,0
24078,0
24079,3
24080,0
24081,0
24082,3
24083,0
24084,0
24085,3
24086,0
24087,0
24088,3
24089,0
24090,0
24091,3
24092,0
24093,0
24094,3
24095,0
24096,0
24097,3
24098,0
24099,0
24100,3
24101,0
24102,0
24103,3
24104,0
24105,0
24106,3
24107,0
24108,0
24109,3
24110,0
24111,0
24112,3
24113,0
24114,0
24115,3
24116,0
24117,0
24118,3
24119,0
24120,0
24121,3
24122,0
24123,0
24124,3
24125,0
24126,0
24127,3
24128,0
24129,0
24130,3
24131,0
24132,0
24133,3
24134,0
24135,0
24136,3
24137,0
24138,0
24139,3
24140,0
24141,0
24142,3
24143,0
24144,0
24145,3
24146,0
24147,0
24148,3
24149,0
24150,0
24151,3
24152,0
24153,0
24154,3
24155,0
24156,0
24157,3
24158,0
24159,0
24160,3
24161,0
24162,0
24163,3
24164,0
24165,0
24166,3
24167,0
24168,0
24169,3
24170,0
24171,0
24172,3
24173,0
24174,0
24175,3
24176,0
24177,0
24178,3
24179,0
24180,0
24181,3
24182,0
24183,0
24184,3
24185,0
24186,0
24187,3
24188,0
24189,0
24190,3
24191,0
24192,0
24193,3
24194,0
24195,0
24196,3
24197,0
24198,0
24199,3
24200,0
24201,0
24202,3
24203,0
24204,0
24205,3
24206,0
24207,0
24208,3
24209,0
24210,0
24211,3
24212,0
24213,0
24214,3
24215,0
24216,0
24217,3
24218,0
24219,0
24220,3
24221,0
24222,0
24223,3
24224,0
24225,0
24226,3
24227,0
24228,0
24229,3
24230,0
24231,0
24232,3
24233,0
24234,0
24235,3
24236,0
24237,0
24238,3
24239,0
24240,0
24241,3
24242,0
24243,0
24244,3
24245,0
24246,0
24247,3
24248,0
24249,0
24250,3
24251,0
24252,0
24253,3
24254,0
24255,0
24256,3
24257,0
24258,0
24259,3
24260,0
24261,0
24262,3
24263,0
24264,0
24265,3
24266,0
24267,0
24268,3
24269,0
24270,0
24271,3
24272,0
24273,0
24274,3
24275,0
24276,0
24277,3
24278,0
24279,0
24280,3
24281,0
24282,0
24283,3
24284,0
24285,0
24286,3
24287,0
24288,0
24289,3
24290,0
24291,0
24292,3
24293,0
24294,0
24295,3
24296,0
24297,0
24298,3
24299,0
24300,0
24301,3
24302,0
24303,0
24304,3
24305,0
24306,0
24307,3
24308,0
24309,0
24310,3
24311,0
24312,0
24313,3
24314,0
24315,0
24316,3
24317,0
24318,0
24319,3
24320,0
24321,0
24322,3
24323,0
24324,0
24325,3
24326,0
24327,0
24328,3
24329,0
24330,0
24331,3
24332,0
24333,0
24334,3
24335,0
24336,0
24337,3
24338,0
24339,0
24340,3
24341,0
24342,0
24343,3
24344,0
24345,0
24346,3
24347,0
24348,0
24349,3
24350,0
24351,0
24352,3
24353,0
24354,0
24355,3
24356,0
24357,0
24358,3
24359,0
24360,0
24361,3
24362,0
24363,0
24364,3
24365,0
24366,0
24367,3
24368,0
24369,0
24370,3
24371,0
24372,0
24373,3
24374,0
24375,0
24376,3
24377,0
24378,0
24379,3
24380,0
24381,0
24382,3
24383,0
24384,0
24385,3
24386,0
24387,0
24388,3
24389,0
24390,0
24391,3
24392,0
24393,0
24394,3
24395,0
24396,0
24397,3
24398,0
24399,0
24400,3
24401,0
24402,0
24403,3
24404,0
24405,0
24406,3
24407,0
24408,0
24409,3
24410,0
24411,0
24412,3
24413,0
24414,0
24415,3
24416,0
24417,0
24418,3
24419,0
24420,0
24421,3
24422,0
24423,0
24424,3
24425,0
24426,0
24427,3
24428,0
24429,0
24430,3
24431,0
24432,0
24433,3
24434,0
24435,0
24436,3
24437,0
24438,0
24439,3
24440,0
24441,0
24442,3
24443,0
24444,0
24445,3
24446,0
24447,0
24448,3
24449,0
24450,0
24451,3
24452,0
24453,0
24454,3
24455,0
24456,0
24457,3
24458,0
24459,0
24460,3
24461,0
24462,0
24463,3
24464,0
24465,0
24466,3
24467,0
24468,0
24469,3
24470,0
24471,0
24472,3
24473,0
24474,0
24475,3
24476,0
24477,0
24478,3
24479,0
24480,0
24481,3
24482,0
24483,0
24484,3
24485,0
24486,0
24487,3
24488,0
24489,0
24490,3
24491,0
24492,0
24493,3
24494,0
24495,0
24496,3
24497,0
24498,0
24499,3
24500,0
24501,0
24502,3
24503,0
24504,0
24505,3
24506,0
24507,0
24508,3
24509,0
24510,0
24511,3
24512,0
24513,0
24514,3
24515,0
24516,0
24517,3
24518,0
24519,0
24520,3
24521,0
24522,0
24523,3
24524,0
24525,0
24526,3
24527,0
24528,0
24529,3
24530,0
24531,0
24532,3
24533,0
24534,0
24535,3
24536,0
24537,0
24538,3
24539,0
24540,0
24541,3
24542,0
24543,0
24544,3
24545,0
24546,0
24547,3
24548,0
24549,0
24550,3
24551,0
24552,0
24553,3
24554,0
24555,0
24556,3
24557,0
24558,0
24559,3
24560,0
24561,0
24562,3
24563,0
24564,0
24565,3
24566,0
24567,0
24568,3
24569,0
24570,0
24571,3
24572,0
24573,0
24574,3
24575,0
24576,0
24577,3
24578,0
24579,0
24580,3
24581,0
24582,0
24583,3
24584,0
24585,0
24586,3
24587,0
24588,0
24589,3
24590,0
24591,0
24592,3
24593,0
24594,0
24595,3
24596,0
24597,0
24598,3
24599,0
24600,0
24601,3
24602,0
24603,0
24604,3
24605,0
24606,0
24607,3
24608,0
24609,0
24610,3
24611,0
24612,0
24613,3
24614,0
24615,0
24616,3
24617,0
24618,0
24619,3
24620,0
24621,0
24622,3
24623,0
24624,0
24625,3
24626,0
24627,0
24628,3
24629,0
24630,0
24631,3
24632,0
24633,0
24634,3
24635,0
24636,0
24637,3
24638,0
24639,0
24640,3
24641,0
24642,0
24643,3
24644,0
24645,0
24646,3
24647,0
24648,0
24649,3
24650,0
24651,0
24652,3
24653,0
24654,0
24655,3
24656,0
24657,0
24658,3
24659,0
24660,0
24661,3
24662,0
24663,0
24664,3
24665,0
24666,0
24667,3
24668,0
24669,0
24670,3
24671,0
24672,0
24673,3
24674,0
24675,0
24676,3
24677,0
24678,0
24679,3
24680,0
24681,0
24682,3
24683,0
24684,0
24685,3
24686,0
24687,0
24688,3
24689,0
24690,0
24691,3
24692,0
24693,0
24694,3
24695,0
24696,0
24697,3
24698,0
24699,0
24700,3
24701,0
24702,0
24703,3
24704,0
24705,0
24706,3
24707,0
24708,0
24709,3
24710,0
24711,0
24712,3
24713,0
24714,0
24715,3
24716,0
24717,0
24718,3
24719,0
24720,0
24721,3
24722,0
24723,0
24724,3
24725,0
24726,0
24727,3
24728,0
24729,0
24730,3
24731,0
24732,0
24733,3
24734,0
24735,0
24736,3
24737,0
24738,0
24739,3
24740,0
24741,0
24742,3
24743,0
24744,0
24745,3
24746,0
24747,0
24748,3
24749,0
24750,0
24751,3
24752,0
24753,0
24754,3
24755,0
24756,0
24757,3
24758,0
24759,0
24760,3
24761,0
24762,0
24763,3
24764,0
24765,0
24766,3
24767,0
24768,0
24769,3
24770,0
24771,0
24772,3
24773,0
24774,0
24775,3
24776,0
24777,0
24778,3
24779,0
24780,0
24781,3
24782,0
24783,0
24784,3
24785,0
24786,0
24787,3
24788,0
24789,0
24790,3
24791,0
24792,0
24793,3
24794,0
24795,0
24796,3
24797,0
24798,0
24799,3
24800,0
24801,0
24802,3
24803,0
24804,0
24805,3
24806,0
24807,0
24808,3
24809,0
24810,0
24811,3
24812,0
24813,0
24814,3
24815,0
24816,0
24817,3
24818,0
24819,0
24820,3
24821,0
24822,0
24823,3
24824,0
24825,0
24826,3
24827,0
24828,0
24829,3
24830,0
24831,0
24832,3
24833,0
24834,0
24835,3
24836,0
24837,0
24838,3
24839,0
24840,0
24841,3
24842,0
24843,0
24844,3
24845,0
24846,0
24847,3
24848,0
24849,0
24850,3
24851,0
24852,0
24853,3
24854,0
24855,0
24856,3
24857,0
24858,0
24859,3
24860,0
24861,0
24862,3
24863,0
24864,0
24865,3
24866,0
24867,0
24868,3
24869,0
24870,0
24871,3
24872,0
24873,0
24874,3
24875,0
24876,0
24877,3
24878,0
24879,0
24880,3
24881,0
24882,0
24883,3
24884,0
24885,0
24886,3
24887,0
24888,0
24889,3
24890,0
24891,0
24892,3
24893,0
24894,0
24895,3
24896,0
24897,0
24898,3
24899,0
24900,0
24901,3
24902,0
24903,0
24904,3
24905,0
24906,0
24907,3
24908,0
24909,0
24910,3
24911,0
24912,0
24913,3
24914,0
24915,0
24916,3
24917,0
24918,0
24919,3
24920,0
24921,0
24922,3
24923,0
24924,0
24925,3
24926,0
24927,0
24928,3
24929,0
24930,0
24931,3
24932,0
24933,0
24934,3
24935,0
24936,0
24937,3
24938,0
24939,0
24940,3
24941,0
24942,0
24943,3
24944,0
24945,0
24946,3
24947,0
24948,0
24949,3
24950,0
24951,0
24952,3
24953,0
24954,0
24955,3
24956,0
24957,0
24958,3
24959,0
24960,0
24961,3
24962,0
24963,0
24964,3
24965,0
24966,0
24967,3
24968,0
24969,0
24970,3
24971,0
24972,0
24973,3
24974,0
24975,0
24976,3
24977,0
24978,0
24979,3
24980,0
24981,0
24982,3
24983,0
24984,0
24985,3
24986,0
24987,0
24988,3
24989,0
24990,0
24991,3
24992,0
24993,0
24994,3
24995,0
24996,0
24997,3
24998,0
24999,0
25000,3
25001,0
25002,0
25003,3
25004,0
25005,0
25006,3
25007,0
25008,0
25009,3
25010,0
25011,0
25012,3
25013,0
25014,0
25015,3
25016,0
25017,0
25018,3
25019,0
25020,0
25021,3
25022,0
25023,0
25024,3
25025,0
25026,0
25027,3
25028,0
25029,0
25030,3
25031,0
25032,0
25033,3
25034,0
25035,0
25036,3
25037,0
25038,0
25039,3
25040,0
25041,0
25042,3
25043,0
25044,0
25045,3
25046,0
25047,0
25048,3
25049,0
25050,0
25051,3
25052,0
25053,0
25054,3
25055,0
25056,0
25057,3
25058,0
25059,0
25060,3
25061,0
25062,0
25063,3
25064,0
25065,0
25066,3
25067,0
25068,0
25069,3
25070,0
25071,0
25072,3
25073,0
25074,0
25075,3
25076,0
25077,0
25078,3
25079,0
25080,0
25081,3
25082,0
25083,0
25084,3
25085,0
25086,0
25087,3
25088,0
25089,0
25090,3
25091,0
25092,0
25093,3
25094,0
25095,0
25096,3
25097,0
25098,0
25099,3
25100,0
25101,0
25102,3
25103,0
25104,0
25105,3
25106,0
25107,0
25108,3
25109,0
25110,0
25111,3
25112,0
25113,0
25114,3
25115,0
25116,0
25117,3
25118,0
25119,0
25120,3
25121,0
25122,0
25123,3
25124,0
25125,0
25126,3
25127,0
25128,0
25129,3
25130,0
25131,0
25132,3
25133,0
25134,0
25135,3
25136,0
25137,0
25138,3
25139,0
25140,0
25141,3
25142,0
25143,0
25144,3
25145,0
25146,0
25147,3
25148,0
25149,0
25150,3
25151,0
25152,0
25153,3
25154,0
25155,0
25156,3
25157,0
25158,0
25159,3
25160,0
25161,0
25162,3
25163,0
25164,0
25165,3
25166,0
25167,0
25168,3
25169,0
25170,0
25171,3
25172,0
25173,0
25174,3
25175,0
25176,0
25177,3
25178,0
25179,0
25180,3
25181,0
25182,0
25183,3
25184,0
25185,0
25186,3
25187,0
25188,0
25189,3
25190,0
25191,0
25192,3
25193,0
25194,0
25195,3
25196,0
25197,0
25198,3
25199,0
25200,0
25201,3
25202,0
25203,0
25204,3
25205,0
25206,0
25207,3
25208,0
25209,0
25210,3
25211,0
25212,0
25213,3
25214,0
25215,0
25216,3
25217,0
25218,0
25219,3
25220,0
25221,0
25222,3
25223,0
25224,0
25225,3
25226,0
25227,0
25228,3
25229,0
25230,0
25231,3
25232,0
25233,0
25234,3
25235,0
25236,0
25237,3
25238,0
25239,0
25240,3
25241,0
25242,0
25243,3
25244,0
25245,0
25246,3
25247,0
25248,0
25249,3
25250,0
25251,0
25252,3
25253,0
25254,0
25255,3
25256,0
25257,0
25258,3
25259,0
25260,0
25261,3
25262,0
25263,0
25264,3
25265,0
25266,0
25267,3
25268,0
25269,0
25270,3
25271,0
25272,0
25273,3
25274,0
25275,0
25276,3
25277,0
25278,0
25279,3
25280,0
25281,0
25282,3
25283,0
25284,0
25285,3
25286,0
25287,0
25288,3
25289,0
25290,0
25291,3
25292,0
25293,0
25294,3
25295,0
25296,0
25297,3
25298,0
25299,0
25300,3
25301,0
25302,0
25303,3
25304,0
25305,0
25306,3
25307,0
25308,0
25309,3
25310,0
25311,0
25312,3
25313,0
25314,0
25315,3
25316,0
25317,0
25318,3
25319,0
25320,0
25321,3
25322,0
25323,0
25324,3
25325,0
25326,0
25327,3
25328,0
25329,0
25330,3
25331,0
25332,0
25333,3
25334,0
25335,0
25336,3
25337,0
25338,0
25339,3
25340,0
25341,0
25342,3
25343,0
25344,0
25345,3
25346,0
25347,0
25348,3
25349,0
25350,0
25351,3
25352,0
25353,0
25354,3
25355,0
25356,0
25357,3
25358,0
25359,0
25360,3
25361,0
25362,0
25363,3
25364,0
25365,0
25366,3
25367,0
25368,0
25369,3
25370,0
25371,0
25372,3
25373,0
25374,0
25375,3
25376,0
25377,0
25378,3
25379,0
25380,0
25381,3
25382,0
25383,0
25384,3
25385,0
25386,0
25387,3
25388,0
25389,0
25390,3
25391,0
25392,0
25393,3
25394,0
25395,0
25396,3
25397,0
25398,0
25399,3
25400,0
25401,0
25402,3
25403,0
25404,0
25405,3
25406,0
25407,0
25408,3
25409,0
25410,0
25411,3
25412,0
25413,0
25414,3
25415,0
25416,0
25417,3
25418,0
25419,0
25420,3
25421,0
25422,0
25423,3
25424,0
25425,0
25426,3
25427,0
25428,0
25429,3
25430,0
25431,0
25432,3
25433,0
25434,0
25435,3
25436,0
25437,0
25438,3
25439,0
25440,0
25441,3
25442,0
25443,0
25444,3
25445,0
25446,0
25447,3
25448,0
25449,0
25450,3
25451,0
25452,0
25453,3
25454,0
25455,0
25456,3
25457,0
25458,0
25459,3
25460,0
25461,0
25462,3
25463,0
25464,0
25465,3
25466,0
25467,0
25468,3
25469,0
25470,0
25471,3
25472,0
25473,0
25474,3
25475,0
25476,0
25477,3
25478,0
25479,0
25480,3
25481,0
25482,0
25483,3
25484,0
25485,0
25486,3
25487,0
25488,0
25489,3
25490,0
25491,0
25492,3
25493,0
25494,0
25495,3
25496,0
25497,0
25498,3
25499,0
25500,0
25501,3
25502,0
25503,0
25504,3
25505,0
25506,0
25507,3
25508,0
25509,0
25510,3
25511,0
25512,0
25513,3
25514,0
25515,0
25516,3
25517,0
25518,0
25519,3
25520,0
25521,0
25522,3
25523,0
25524,0
25525,3
25526,0
25527,0
25528,3
25529,0
25530,0
25531,3
25532,0
25533,0
25534,3
25535,0
25536,0
25537,3
25538,0
25539,0
25540,3
25541,0
25542,0
25543,3
25544,0
25545,0
25546,3
25547,0
25548,0
25549,3
25550,0
25551,0
25552,3
25553,0
25554,0
25555,3
25556,0
25557,0
25558,3
25559,0
25560,0
25561,3
25562,0
25563,0
25564,3
25565,0
25566,0
25567,3
25568,0
25569,0
25570,3
25571,0
25572,0
25573,3
25574,0
25575,0
25576,3
25577,0
25578,0
25579,3
25580,0
25581,0
25582,3
25583,0
25584,0
25585,3
25586,0
25587,0
25588,3
25589,0
25590,0
25591,3
25592,0
25593,0
25594,3
25595,0
25596,0
25597,3
25598,0
25599,0
25600,3
25601,0
25602,0
25603,3
25604,0
25605,0
25606,3
25607,0
25608,0
25609,3
25610,0
25611,0
25612,3
25613,0
25614,0
25615,3
25616,0
25617,0
25618,3
25619,0
25620,0
25621,3
25622,0
25623,0
25624,3
25625,0
25626,0
25627,3
25628,0
25629,0
25630,3
25631,0
25632,0
25633,3
25634,0
25635,0
25636,3
25637,0
25638,0
25639,3
25640,0
25641,0
25642,3
25643,0
25644,0
25645,3
25646,0
25647,0
25648,3
25649,0
25650,0
25651,3
25652,0
25653,0
25654,3
25655,0
25656,0
25657,3
25658,0
25659,0
25660,3
25661,0
25662,0
25663,3
25664,0
25665,0
25666,3
25667,0
25668,0
25669,3
25670,0
25671,0
25672,3
25673,0
25674,0
25675,3
25676,0
25677,0
25678,3
25679,0
25680,0
25681,3
25682,0
25683,0
25684,3
25685,0
25686,0
25687,3
25688,0
25689,0
25690,3
25691,0
25692,0
25693,3
25694,0
25695,0
25696,3
25697,0
25698,0
25699,3
25700,0
25701,0
25702,3
25703,0
25704,0
25705,3
25706,0
25707,0
25708,3
25709,0
25710,0
25711,3
25712,0
25713,0
25714,3
25715,0
25716,0
25717,3
25718,0
25719,0
25720,3
25721,0
25722,0
25723,3
25724,0
25725,0
25726,3
25727,0
25728,0
25729,3
25730,0
25731,0
25732,3
25733,0
25734,0
25735,3
25736,0
25737,0
25738,3
25739,0
25740,0
25741,3
25742,0
25743,0
25744,3
25745,0
25746,0
25747,3
25748,0
25749,0
25750,3
25751,0
25752,0
25753,3
25754,0
25755,0
25756,3
25757,0
25758,0
25759,3
25760,0
25761,0
25762,3
25763,0
25764,0
25765,3
25766,0
25767,0
25768,3
25769,0
25770,0
25771,3
25772,0
25773,0
25774,3
25775,0
25776,0
25777,3
25778,0
25779,0
25780,3
25781,0
25782,0
25783,3
25784,0
25785,0
25786,3
25787,0
25788,0
25789,3
25790,0
25791,0
25792,3
25793,0
25794,0
25795,3
25796,0
25797,0
25798,3
25799,0
25800,0
25801,3
25802,0
25803,0
25804,3
25805,0
25806,0
25807,3
25808,0
25809,0
25810,3
25811,0
25812,0
25813,3
25814,0
25815,0
25816,3
25817,0
25818,0
25819,3
25820,0
25821,0
25822,3
25823,0
25824,0
25825,3
25826,0
25827,0
25828,3
25829,0
25830,0
25831,3
25832,0
25833,0
25834,3
25835,0
25836,0
25837,3
25838,0
25839,0
25840,3
25841,0
25842,0
25843,3
25844,0
25845,0
25846,3
25847,0
25848,0
25849,3
25850,0
25851,0
25852,3
25853,0
25854,0
25855,3
25856,0
25857,0
25858,3
25859,0
25860,0
25861,3
25862,0
25863,0
25864,3
25865,0
25866,0
25867,3
25868,0
25869,0
25870,3
25871,0
25872,0
25873,3
25874,0
25875,0
25876,3
25877,0
25878,0
25879,3
25880,0
25881,0
25882,3
25883,0
25884,0
25885,3
25886,0
25887,0
25888,3
25889,0
25890,0
25891,3
25892,0
25893,0
25894,3
25895,0
25896,0
25897,3
25898,0
25899,0
25900,3
25901,0
25902,0
25903,3
25904,0
25905,0
25906,3
25907,0
25908,0
25909,3
25910,0
25911,0
25912,3
25913,0
25914,0
25915,3
25916,0
25917,0
25918,3
25919,0
25920,0
25921,3
25922,0
25923,0
25924,3
25925,0
25926,0
25927,3
25928,0
25929,0
25930,3
25931,0
25932,0
25933,3
25934,0
25935,0
25936,3
25937,0
25938,0
25939,3
25940,0
25941,0
25942,3
25943,0
25944,0
25945,3
25946,0
25947,0
25948,3
25949,0
25950,0
25951,3
25952,0
25953,0
25954,3
25955,0
25956,0
25957,3
25958,0
25959,0
25960,3
25961,0
25962,0
25963,3
25964,0
25965,0
25966,3
25967,0
25968,0
25969,3
25970,0
25971,0
25972,3
25973,0
25974,0
25975,3
25976,0
25977,0
25978,3
25979,0
25980,0
25981,3
25982,0
25983,0
25984,3
25985,0
25986,0
25987,3
25988,0
25989,0
25990,3
25991,0
25992,0
25993,3
25994,0
25995,0
25996,3
25997,0
25998,0
25999,3
26000,0
26001,0
26002,3
26003,0
26004,0
26005,3
26006,0
26007,0
26008,3
26009,0
26010,0
26011,3
26012,0
26013,0
26014,3
26015,0
26016,0
26017,3
26018,0
26019,0
26020,3
26021,0
26022,0
26023,3
26024,0
26025,0
26026,3
26027,0
26028,0
26029,3
26030,0
26031,0
26032,3
26033,0
26034,0
26035,3
26036,0
26037,0
26038,3
26039,0
26040,0
26041,3
26042,0
26043,0
26044,3
26045,0
26046,0
26047,3
26048,0
26049,0
26050,3
26051,0
26052,0
26053,3
26054,0
26055,0
26056,3
26057,0
26058,0
26059,3
26060,0
26061,0
26062,3
26063,0
26064,0
26065,3
26066,0
26067,0
26068,3
26069,0
26070,0
26071,3
26072,0
26073,0
26074,3
26075,0
26076,0
26077,3
26078,0
26079,0
26080,3
26081,0
26082,0
26083,3
26084,0
26085,0
26086,3
26087,0
26088,0
26089,3
26090,0
26091,0
26092,3
26093,0
26094,0
26095,3
26096,0
26097,0
26098,3
26099,0
26100,0
26101,3
26102,0
26103,0
26104,3
26105,0
26106,0
26107,3
26108,0
26109,0
26110,3
26111,0
26112,0
26113,3
26114,0
26115,0
26116,3
26117,0
26118,0
26119,3
26120,0
26121,0
26122,3
26123,0
26124,0
26125,3
26126,0
26127,0
26128,3
26129,0
26130,0
26131,3
26132,0
26133,0
26134,3
26135,0
26136,0
26137,3
26138,0
26139,0
26140,3
26141,0
26142,0
26143,3
26144,0
26145,0
26146,3
26147,0
26148,0
26149,3
26150,0
26151,0
26152,3
26153,0
26154,0
26155,3
26156,0
26157,0
26158,3
26159,0
26160,0
26161,3
26162,0
26163,0
26164,3
26165,0
26166,0
26167,3
26168,0
26169,0
26170,3
26171,0
26172,0
26173,3
26174,0
26175,0
26176,3
26177,0
26178,0
26179,3
26180,0
26181,0
26182,3
26183,0
26184,0
26185,3
26186,0
26187,0
26188,3
26189,0
26190,0
26191,3
26192,0
26193,0
26194,3
26195,0
26196,0
26197,3
26198,0
26199,0
26200,3
26201,0
26202,0
26203,3
26204,0
26205,0
26206,3
26207,0
26208,0
26209,3
26210,0
26211,0
26212,3
26213,0
26214,0
26215,3
26216,0
26217,0
26218,3
26219,0
26220,0
26221,3
26222,0
26223,0
26224,3
26225,0
26226,0
26227,3
26228,0
26229,0
26230,3
26231,0
26232,0
26233,3
26234,0
26235,0
26236,3
26237,0
26238,0
26239,3
26240,0
26241,0
26242,3
26243,0
26244,0
26245,3
26246,0
26247,0
26248,3
26249,0
26250,0
26251,3
26252,0
26253,0
26254,3
26255,0
26256,0
26257,3
26258,0
26259,0
26260,3
26261,0
26262,0
26263,3
26264,0
26265,0
26266,3
26267,0
26268,0
26269,3
26270,0
26271,0
26272,3
26273,0
26274,0
26275,3
26276,0
26277,0
26278,3
26279,0
26280,0
26281,3
26282,0
26283,0
26284,3
26285,0
26286,0
26287,3
26288,0
26289,0
26290,3
26291,0
26292,0
26293,3
26294,0
26295,0
26296,3
26297,0
26298,0
26299,3
26300,0
26301,0
26302,3
26303,0
26304,0
26305,3
26306,0
26307,0
26308,3
26309,0
26310,0
26311,3
26312,0
26313,0
26314,3
26315,0
26316,0
26317,3
26318,0
26319,0
26320,3
26321,0
26322,0
26323,3
26324,0
26325,0
26326,3
26327,0
26328,0
26329,3
26330,0
26331,0
26332,3
26333,0
26334,0
26335,3
26336,0
26337,0
26338,3
26339,0
26340,0
26341,3
26342,0
26343,0
26344,3
26345,0
26346,0
26347,3
26348,0
26349,0
26350,3
26351,0
26352,0
26353,3
26354,0
26355,0
26356,3
26357,0
26358,0
26359,3
26360,0
26361,0
26362,3
26363,0
26364,0
26365,3
26366,0
26367,0
26368,3
26369,0
26370,0
26371,3
26372,0
26373,0
26374,3
26375,0
26376,0
26377,3
26378,0
26379,0
26380,3
26381,0
26382,0
26383,3
26384,0
26385,0
26386,3
26387,0
26388,0
26389,3
26390,0
26391,0
26392,3
26393,0
26394,0
26395,3
26396,0
26397,0
26398,3
26399,0
26400,0
26401,3
26402,0
26403,0
26404,3
26405,0
26406,0
26407,3
26408,0
26409,0
26410,3
26411,0
26412,0
26413,3
26414,0
26415,0
26416,3
26417,0
26418,0
26419,3
26420,0
26421,0
26422,3
26423,0
26424,0
26425,3
26426,0
26427,0
26428,3
26429,0
26430,0
26431,3
26432,0
26433,0
26434,3
26435,0
26436,0
26437,3
26438,0
26439,0
26440,3
26441,0
26442,0
26443,3
26444,0
26445,0
26446,3
26447,0
26448,0
26449,3
26450,0
26451,0
26452,3
26453,0
26454,0
26455,3
26456,0
26457,0
26458,3
26459,0
26460,0
26461,3
26462,0
26463,0
26464,3
26465,0
26466,0
26467,3
26468,0
26469,0
26470,3
26471,0
26472,0
26473,3
26474,0
26475,0
26476,3
26477,0
26478,0
26479,3
26480,0
26481,0
26482,3
26483,0
26484,0
26485,3
26486,0
26487,0
26488,3
26489,0
26490,0
26491,3
26492,0
26493,0
26494,3
26495,0
26496,0
26497,3
26498,0
26499,0
26500,3
26501,0
26502,0
26503,3
26504,0
26505,0
26506,3
26507,0
26508,0
26509,3
26510,0
26511,0
26512,3
26513,0
26514,0
26515,3
26516,0
26517,0
26518,3
26519,0
26520,0
26521,3
26522,0
26523,0
26524,3
26525,0
26526,0
26527,3
26528,0
26529,0
26530,3
26531,0
26532,0
26533,3
26534,0
26535,0
26536,3
26537,0
26538,0
26539,3
26540,0
26541,0
26542,3
26543,0
26544,0
26545,3
26546,0
26547,0
26548,3
26549,0
26550,0
26551,3
26552,0
26553,0
26554,3
26555,0
26556,0
26557,3
26558,0
26559,0
26560,3
26561,0
26562,0
26563,3
26564,0
26565,0
26566,3
26567,0
26568,0
26569,3
26570,0
26571,0
26572,3
26573,0
26574,0
26575,3
26576,0
26577,0
26578,3
26579,0
26580,0
26581,3
26582,0
26583,0
26584,3
26585,0
26586,0
26587,3
26588,0
26589,0
26590,3
26591,0
26592,0
26593,3
26594,0
26595,0
26596,3
26597,0
26598,0
26599,3
26600,0
26601,0
26602,3
26603,0
26604,0
26605,3
26606,0
26607,0
26608,3
26609,0
26610,0
26611,3
26612,0
26613,0
26614,3
26615,0
26616,0
26617,3
26618,0
26619,0
26620,3
26621,0
26622,0
26623,3
26624,0
26625,0
26626,3
26627,0
26628,0
26629,3
26630,0
26631,0
26632,3
26633,0
26634,0
26635,3
26636,0
26637,0
26638,3
26639,0
26640,0
26641,3
26642,0
26643,0
26644,3
26645,0
26646,0
26647,3
26648,0
26649,0
26650,3
26651,0
26652,0
26653,3
26654,0
26655,0
26656,3
26657,0
26658,0
26659,3
26660,0
26661,0
26662,3
26663,0
26664,0
26665,3
26666,0
26667,0
26668,3
26669,0
26670,0
26671,3
26672,0
26673,0
26674,3
26675,0
26676,0
26677,3
26678,0
26679,0
26680,3
26681,0
26682,0
26683,3
26684,0
26685,0
26686,3
26687,0
26688,0
26689,3
26690,0
26691,0
26692,3
26693,0
26694,0
26695,3
26696,0
26697,0
26698,3
26699,0
26700,0
26701,3
26702,0
26703,0
26704,3
26705,0
26706,0
26707,3
26708,0
26709,0
26710,3
26711,0
26712,0
26713,3
26714,0
26715,0
26716,3
26717,0
26718,0
26719,3
26720,0
26721,0
26722,3
26723,0
26724,0
26725,3
26726,0
26727,0
26728,3
26729,0
26730,0
26731,3
26732,0
26733,0
26734,3
26735,0
26736,0
26737,3
26738,0
26739,0
26740,3
26741,0
26742,0
26743,3
26744,0
26745,0
26746,3
26747,0
26748,0
26749,3
26750,0
26751,0
26752,3
26753,0
26754,0
26755,3
26756,0
26757,0
26758,3
26759,0
26760,0
26761,3
26762,0
26763,0
26764,3
26765,0
26766,0
26767,3
26768,0
26769,0
26770,3
26771,0
26772,0
26773,3
26774,0
26775,0
26776,3
26777,0
26778,0
26779,3
26780,0
26781,0
26782,3
26783,0
26784,0
26785,3
26786,0
26787,0
26788,3
26789,0
26790,0
26791,3
26792,0
26793,0
26794,3
26795,0
26796,0
26797,3
26798,0
26799,0
26800,3
26801,0
26802,0
26803,3
26804,0
26805,0
26806,3
26807,0
26808,0
26809,3
26810,0
26811,0
26812,3
26813,0
26814,0
26815,3
26816,0
26817,0
26818,3
26819,0
26820,0
26821,3
26822,0
26823,0
26824,3
26825,0
26826,0
26827,3
26828,0
26829,0
26830,3
26831,0
26832,0
26833,3
26834,0
26835,0
26836,3
26837,0
26838,0
26839,3
26840,0
26841,0
26842,3
26843,0
26844,0
26845,3
26846,0
26847,0
26848,3
26849,0
26850,0
26851,3
26852,0
26853,0
26854,3
26855,0
26856,0
26857,3
26858,0
26859,0
26860,3
26861,0
26862,0
26863,3
26864,0
26865,0
26866,3
26867,0
26868,0
26869,3
26870,0
26871,0
26872,3
26873,0
26874,0
26875,3
26876,0
26877,0
26878,3
26879,0
26880,0
26881,3
26882,0
26883,0
26884,3
26885,0
26886,0
26887,3
26888,0
26889,0
26890,3
26891,0
26892,0
26893,3
26894,0
26895,0
26896,3
26897,0
26898,0
26899,3
26900,0
26901,0
26902,3
26903,0
26904,0
26905,3
26906,0
26907,0
26908,3
26909,0
26910,0
26911,3
26912,0
26913,0
26914,3
26915,0
26916,0
26917,3
26918,0
26919,0
26920,3
26921,0
26922,0
26923,3
26924,0
26925,0
26926,3
26927,0
26928,0
26929,3
26930,0
26931,0
26932,3
26933,0
26934,0
26935,3
26936,0
26937,0
26938,3
26939,0
26940,0
26941,3
26942,0
26943,0
26944,3
26945,0
26946,0
26947,3
26948,0
26949,0
26950,3
26951,0
26952,0
26953,3
26954,0
26955,0
26956,3
26957,0
26958,0
26959,3
26960,0
26961,0
26962,3
26963,0
26964,0
26965,3
26966,0
26967,0
26968,3
26969,0
26970,0
26971,3
26972,0
26973,0
26974,3
26975,0
26976,0
26977,3
26978,0
26979,0
26980,3
26981,0
26982,0
26983,3
26984,0
26985,0
26986,3
26987,0
26988,0
26989,3
26990,0
26991,0
26992,3
26993,0
26994,0
26995,3
26996,0
26997,0
26998,3
26999,0
27000,0
27001,3
27002,0
27003,0
27004,3
27005,0
27006,0
27007,3
27008,0
27009,0
27010,3
27011,0
27012,0
27013,3
27014,0
27015,0
27016,3
27017,0
27018,0
27019,3
27020,0
27021,0
27022,3
27023,0
27024,0
27025,3
27026,0
27027,0
27028,3
27029,0
27030,0
27031,3
27032,0
27033,0
27034,3
27035,0
27036,0
27037,3
27038,0
27039,0
27040,3
27041,0
27042,0
27043,3
27044,0
27045,0
27046,3
27047,0
27048,0
27049,3
27050,0
27051,0
27052,3
27053,0
27054,0
27055,3
27056,0
27057,0
27058,3
27059,0
27060,0
27061,3
27062,0
27063,0
27064,3
27065,0
27066,0
27067,3
27068,0
27069,0
27070,3
27071,0
27072,0
27073,3
27074,0
27075,0
27076,3
27077,0
27078,0
27079,3
27080,0
27081,0
27082,3
27083,0
27084,0
27085,3
27086,0
27087,0
27088,3
27089,0
27090,0
27091,3
27092,0
27093,0
27094,3
27095,0
27096,0
27097,3
27098,0
27099,0
27100,3
27101,0
27102,0
27103,3
27104,0
27105,0
27106,3
27107,0
27108,0
27109,3
27110,0
27111,0
27112,3
27113,0
27114,0
27115,3
27116,0
27117,0
27118,3
27119,0
27120,0
27121,3
27122,0
27123,0
27124,3
27125,0
27126,0
27127,3
27128,0
27129,0
27130,3
27131,0
27132,0
27133,3
27134,0
27135,0
27136,3
27137,0
27138,0
27139,3
27140,0
27141,0
27142,3
27143,0
27144,0
27145,3
27146,0
27147,0
27148,3
27149,0
27150,0
27151,3
27152,0
27153,0
27154,3
27155,0
27156,0
27157,3
27158,0
27159,0
27160,3
27161,0
27162,0
27163,3
27164,0
27165,0
27166,3
27167,0
27168,0
27169,3
27170,0
27171,0
27172,3
27173,0
27174,0
27175,3
27176,0
27177,0
27178,3
27179,0
27180,0
27181,3
27182,0
27183,0
27184,3
27185,0
27186,0
27187,3
27188,0
27189,0
27190,3
27191,0
27192,0
27193,3
27194,0
27195,0
27196,3
27197,0
27198,0
27199,3
27200,0
27201,0
27202,3
27203,0
27204,0
27205,3
27206,0
27207,0
27208,3
27209,0
27210,0
27211,3
27212,0
27213,0
27214,3
27215,0
27216,0
27217,3
27218,0
27219,0
27220,3
27221,0
27222,0
27223,3
27224,0
27225,0
27226,3
27227,0
27228,0
27229,3
27230,0
27231,0
27232,3
27233,0
27234,0
27235,3
27236,0
27237,0
27238,3
27239,0
27240,0
27241,3
27242,0
27243,0
27244,3
27245,0
27246,0
27247,3
27248,0
27249,0
27250,3
27251,0
27252,0
27253,3
27254,0
27255,0
27256,3
27257,0
27258,0
27259,3
27260,0
27261,0
27262,3
27263,0
27264,0
27265,3
27266,0
27267,0
27268,3
27269,0
27270,0
27271,3
27272,0
27273,0
27274,3
27275,0
27276,0
27277,3
27278,0
27279,0
27280,3
27281,0
27282,0
27283,3
27284,0
27285,0
27286,3
27287,0
27288,0
27289,3
27290,0
27291,0
27292,3
27293,0
27294,0
27295,3
27296,0
27297,0
27298,3
27299,0
27300,0
27301,3
27302,0
27303,0
27304,3
27305,0
27306,0
27307,3
27308,0
27309,0
27310,3
27311,0
27312,0
27313,3
27314,0
27315,0
27316,3
27317,0
27318,0
27319,3
27320,0
27321,0
27322,3
27323,0
27324,0
27325,3
27326,0
27327,0
27328,3
27329,0
27330,0
27331,3
27332,0
27333,0
27334,3
27335,0
27336,0
27337,3
27338,0
27339,0
27340,3
27341,0
27342,0
27343,3
27344,0
27345,0
27346,3
27347,0
27348,0
27349,3
27350,0
27351,0
27352,3
27353,0
27354,0
27355,3
27356,0
27357,0
27358,3
27359,0
27360,0
27361,3
27362,0
27363,0
27364,3
27365,0
27366,0
27367,3
27368,0
27369,0
27370,3
27371,0
27372,0
27373,3
27374,0
27375,0
27376,3
27377,0
27378,0
27379,3
27380,0
27381,0
27382,3
27383,0
27384,0
27385,3
27386,0
27387,0
27388,3
27389,0
27390,0
27391,3
27392,0
27393,0
27394,3
27395,0
27396,0
27397,3
27398,0
27399,0
27400,3
27401,0
27402,0
27403,3
27404,0
27405,0
27406,3
27407,0
27408,0
27409,3
27410,0
27411,0
27412,3
27413,0
27414,0
27415,3
27416,0
27417,0
27418,3
27419,0
27420,0
27421,3
27422,0
27423,0
27424,3
27425,0
27426,0
27427,3
27428,0
27429,0
27430,3
27431,0
27432,0
27433,3
27434,0
27435,0
27436,3
27437,0
27438,0
27439,3
27440,0
27441,0
27442,3
27443,0
27444,0
27445,3
27446,0
27447,0
27448,3
27449,0
27450,0
27451,3
27452,0
27453,0
27454,3
27455,0
27456,0
27457,3
27458,0
27459,0
27460,3
27461,0
27462,0
27463,3
27464,0
27465,0
27466,3
27467,0
27468,0
27469,3
27470,0
27471,0
27472,3
27473,0
27474,0
27475,3
27476,0
27477,0
27478,3
27479,0
27480,0
27481,3
27482,0
27483,0
27484,3
27485,0
27486,0
27487,3
27488,0
27489,0
27490,3
27491,0
27492,0
27493,3
27494,0
27495,0
27496,3
27497,0
27498,0
27499,3
27500,0
27501,0
27502,3
27503,0
27504,0
27505,3
27506,0
27507,0
27508,3
27509,0
27510,0
27511,3
27512,0
27513,0
27514,3
27515,0
27516,0
27517,3
27518,0
27519,0
27520,3
27521,0
27522,0
27523,3
27524,0
27525,0
27526,3
27527,0
27528,0
27529,3
27530,0
27531,0
27532,3
27533,0
27534,0
27535,3
27536,0
27537,0
27538,3
27539,0
27540,0
27541,3
27542,0
27543,0
27544,3
27545,0
27546,0
27547,3
27548,0
27549,0
27550,3
27551,0
27552,0
27553,3
27554,0
27555,0
27556,3
27557,0
27558,0
27559,3
27560,0
27561,0
27562,3
27563,0
27564,0
27565,3
27566,0
27567,0
27568,3
27569,0
27570,0
27571,3
27572,0
27573,0
27574,3
27575,0
27576,0
27577,3
27578,0
27579,0
27580,3
27581,0
27582,0
27583,3
27584,0
27585,0
27586,3
27587,0
27588,0
27589,3
27590,0
27591,0
27592,3
27593,0
27594,0
27595,3
27596,0
27597,0
27598,3
27599,0
27600,0
27601,3
27602,0
27603,0
27604,3
27605,0
27606,0
27607,3
27608,0
27609,0
27610,3
27611,0
27612,0
27613,3
27614,0
27615,0
27616,3
27617,0
27618,0
27619,3
27620,0
27621,0
27622,3
27623,0
27624,0
27625,3
27626,0
27627,0
27628,3
27629,0
27630,0
27631,3
27632,0
27633,0
27634,3
27635,0
27636,0
27637,3
27638,0
27639,0
27640,3
27641,0
27642,0
27643,3
27644,0
27645,0
27646,3
27647,0
27648,0
27649,3
27650,0
27651,0
27652,3
27653,0
27654,0
27655,3
27656,0
27657,0
27658,3
27659,0
27660,0
27661,3
27662,0
27663,0
27664,3
27665,0
27666,0
27667,3
27668,0
27669,0
27670,3
27671,0
27672,0
27673,3
27674,0
27675,0
27676,3
27677,0
27678,0
27679,3
27680,0
27681,0
27682,3
27683,0
27684,0
27685,3
27686,0
27687,0
27688,3
27689,0
27690,0
27691,3
27692,0
27693,0
27694,3
27695,0
27696,0
27697,3
27698,0
27699,0
27700,3
27701,0
27702,0
27703,3
27704,0
27705,0
27706,3
27707,0
27708,0
27709,3
27710,0
27711,0
27712,3
27713,0
27714,0
27715,3
27716,0
27717,0
27718,3
27719,0
27720,0
27721,3
27722,0
27723,0
27724,3
27725,0
27726,0
27727,3
27728,0
27729,0
27730,3
27731,0
27732,0
27733,3
27734,0
27735,0
27736,3
27737,0
27738,0
27739,3
27740,0
27741,0
27742,3
27743,0
27744,0
27745,3
27746,0
27747,0
27748,3
27749,0
27750,0
27751,3
27752,0
27753,0
27754,3
27755,0
27756,0
27757,3
27758,0
27759,0
27760,3
27761,0
27762,0
27763,3
27764,0
27765,0
27766,3
27767,0
27768,0
27769,3
27770,0
27771,0
27772,3
27773,0
27774,0
27775,3
27776,0
27777,0
27778,3
27779,0
27780,0
27781,3
27782,0
27783,0
27784,3
27785,0
27786,0
27787,3
27788,0
27789,0
27790,3
27791,0
27792,0
27793,3
27794,0
27795,0
27796,3
27797,0
27798,0
27799,3
27800,0
27801,0
27802,3
27803,0
27804,0
27805,3
27806,0
27807,0
27808,3
27809,0
27810,0
27811,3
27812,0
27813,0
27814,3
27815,0
27816,0
27817,3
27818,0
27819,0
27820,3
27821,0
27822,0
27823,3
27824,0
27825,0
27826,3
27827,0
27828,0
27829,3
27830,0
27831,0
27832,3
27833,0
27834,0
27835,3
27836,0
27837,0
27838,3
27839,0
27840,0
27841,3
27842,0
27843,0
27844,3
27845,0
27846,0
27847,3
27848,0
27849,0
27850,3
27851,0
27852,0
27853,3
27854,0
27855,0
27856,3
27857,0
27858,0
27859,3
27860,0
27861,0
27862,3
27863,0
27864,0
27865,3
27866,0
27867,0
27868,3
27869,0
27870,0
27871,3
27872,0
27873,0
27874,3
27875,0
27876,0
27877,3
27878,0
27879,0
27880,3
27881,0
27882,0
27883,3
27884,0
27885,0
27886,3
27887,0
27888,0
27889,3
27890,0
27891,0
27892,3
27893,0
27894,0
27895,3
27896,0
27897,0
27898,3
27899,0
27900,0
27901,3
27902,0
27903,0
27904,3
27905,0
27906,0
27907,3
27908,0
27909,0
27910,3
27911,0
27912,0
27913,3
27914,0
27915,0
27916,3
27917,0
27918,0
27919,3
27920,0
27921,0
27922,3
27923,0
27924,0
27925,3
27926,0
27927,0
27928,3
27929,0
27930,0
27931,3
27932,0
27933,0
27934,3
27935,0
27936,0
27937,3
27938,0
27939,0
27940,3
27941,0
27942,0
27943,3
27944,0
27945,0
27946,3
27947,0
27948,0
27949,3
27950,0
27951,0
27952,3
27953,0
27954,0
27955,3
27956,0
27957,0
27958,3
27959,0
27960,0
27961,3
27962,0
27963,0
27964,3
27965,0
27966,0
27967,3
27968,0
27969,0
27970,3
27971,0
27972,0
27973,3
27974,0
27975,0
27976,3
27977,0
27978,0
27979,3
27980,0
27981,0
27982,3
27983,0
27984,0
27985,3
27986,0
27987,0
27988,3
27989,0
27990,0
27991,3
27992,0
27993,0
27994,3
27995,0
27996,0
27997,3
27998,0
27999,0
28000,3
28001,0
28002,0
28003,3
28004,0
28005,0
28006,3
28007,0
28008,0
28009,3
28010,0
28011,0
28012,3
28013,0
28014,0
28015,3
28016,0
28017,0
28018,3
28019,0
28020,0
28021,3
28022,0
28023,0
28024,3
28025,0
28026,0
28027,3
28028,0
28029,0
28030,3
28031,0
28032,0
28033,3
28034,0
28035,0
28036,3
28037,0
28038,0
28039,3
28040,0
28041,0
28042,3
28043,0
28044,0
28045,3
28046,0
28047,0
28048,3
28049,0
28050,0
28051,3
28052,0
28053,0
28054,3
28055,0
28056,0
28057,3
28058,0
28059,0
28060,3
28061,0
28062,0
28063,3
28064,0
28065,0
28066,3
28067,0
28068,0
28069,3
28070,0
28071,0
28072,3
28073,0
28074,0
28075,3
28076,0
28077,0
28078,3
28079,0
28080,0
28081,3
28082,0
28083,0
28084,3
28085,0
28086,0
28087,3
28088,0
28089,0
28090,3
28091,0
28092,0
28093,3
28094,0
28095,0
28096,3
28097,0
28098,0
28099,3
28100,0
28101,0
28102,3
28103,0
28104,0
28105,3
28106,0
28107,0
28108,3
28109,0
28110,0
28111,3
28112,0
28113,0
28114,3
28115,0
28116,0
28117,3
28118,0
28119,0
28120,3
28121,0
28122,0
28123,3
28124,0
28125,0
28126,3
28127,0
28128,0
28129,3
28130,0
28131,0
28132,3
28133,0
28134,0
28135,3
28136,0
28137,0
28138,3
28139,0
28140,0
28141,3
28142,0
28143,0
28144,3
28145,0
28146,0
28147,3
28148,0
28149,0
28150,3
28151,0
28152,0
28153,3
28154,0
28155,0
28156,3
28157,0
28158,0
28159,3
28160,0
28161,0
28162,3
28163,0
28164,0
28165,3
28166,0
28167,0
28168,3
28169,0
28170,0
28171,3
28172,0
28173,0
28174,3
28175,0
28176,0
28177,3
28178,0
28179,0
28180,3
28181,0
28182,0
28183,3
28184,0
28185,0
28186,3
28187,0
28188,0
28189,3
28190,0
28191,0
28192,3
28193,0
28194,0
28195,3
28196,0
28197,0
28198,3
28199,0
28200,0
28201,3
28202,0
28203,0
28204,3
28205,0
28206,0
28207,3
28208,0
28209,0
28210,3
28211,0
28212,0
28213,3
28214,0
28215,0
28216,3
28217,0
28218,0
28219,3
28220,0
28221,0
28222,3
28223,0
28224,0
28225,3
28226,0
28227,0
28228,3
28229,0
28230,0
28231,3
28232,0
28233,0
28234,3
28235,0
28236,0
28237,3
28238,0
28239,0
28240,3
28241,0
28242,0
28243,3
28244,0
28245,0
28246,3
28247,0
28248,0
28249,3
28250,0
28251,0
28252,3
28253,0
28254,0
28255,3
28256,0
28257,0
28258,3
28259,0
28260,0
28261,3
28262,0
28263,0
28264,3
28265,0
28266,0
28267,3
28268,0
28269,0
28270,3
28271,0
28272,0
28273,3
28274,0
28275,0
28276,3
28277,0
28278,0
28279,3
28280,0
28281,0
28282,3
28283,0
28284,0
28285,3
28286,0
28287,0
28288,3
28289,0
28290,0
28291,3
28292,0
28293,0
28294,3
28295,0
28296,0
28297,3
28298,0
28299,0
28300,3
28301,0
28302,0
28303,3
28304,0
28305,0
28306,3
28307,0
28308,0
28309,3
28310,0
28311,0
28312,3
28313,0
28314,0
28315,3
28316,0
28317,0
28318,3
28319,0
28320,0
28321,3
28322,0
28323,0
28324,3
28325,0
28326,0
28327,3
28328,0
28329,0
28330,3
28331,0
28332,0
28333,3
28334,0
28335,0
28336,3
28337,0
28338,0
28339,3
28340,0
28341,0
28342,3
28343,0
28344,0
28345,3
28346,0
28347,0
28348,3
28349,0
28350,0
28351,3
28352,0
28353,0
28354,3
28355,0
28356,0
28357,3
28358,0
28359,0
28360,3
28361,0
28362,0
28363,3
28364,0
28365,0
28366,3
28367,0
28368,0
28369,3
28370,0
28371,0
28372,3
28373,0
28374,0
28375,3
28376,0
28377,0
28378,3
28379,0
28380,0
28381,3
28382,0
28383,0
28384,3
28385,0
28386,0
28387,3
28388,0
28389,0
28390,3
28391,0
28392,0
28393,3
28394,0
28395,0
28396,3
28397,0
28398,0
28399,3
28400,0
28401,0
28402,3
28403,0
28404,0
28405,3
28406,0
28407,0
28408,3
28409,0
28410,0
28411,3
28412,0
28413,0
28414,3
28415,0
28416,0
28417,3
28418,0
28419,0
28420,3
28421,0
28422,0
28423,3
28424,0
28425,0
28426,3
28427,0
28428,0
28429,3
28430,0
28431,0
28432,3
28433,0
28434,0
28435,3
28436,0
28437,0
28438,3
28439,0
28440,0
28441,3
28442,0
28443,0
28444,3
28445,0
28446,0
28447,3
28448,0
28449,0
28450,3
28451,0
28452,0
28453,3
28454,0
28455,0
28456,3
28457,0
28458,0
28459,3
28460,0
28461,0
28462,3
28463,0
28464,0
28465,3
28466,0
28467,0
28468,3
28469,0
28470,0
28471,3
28472,0
28473,0
28474,3
28475,0
28476,0
28477,3
28478,0
28479,0
28480,3
28481,0
28482,0
28483,3
28484,0
28485,0
28486,3
28487,0
28488,0
28489,3
28490,0
28491,0
28492,3
28493,0
28494,0
28495,3
28496,0
28497,0
28498,3
28499,0
28500,0
28501,3
28502,0
28503,0
28504,3
28505,0
28506,0
28507,3
28508,0
28509,0
28510,3
28511,0
28512,0
28513,3
28514,0
28515,0
28516,3
28517,0
28518,0
28519,3
28520,0
28521,0
28522,3
28523,0
28524,0
28525,3
28526,0
28527,0
28528,3
28529,0
28530,0
28531,3
28532,0
28533,0
28534,3
28535,0
28536,0
28537,3
28538,0
28539,0
28540,3
28541,0
28542,0
28543,3
28544,0
28545,0
28546,3
28547,0
28548,0
28549,3
28550,0
28551,0
28552,3
28553,0
28554,0
28555,3
28556,0
28557,0
28558,3
28559,0
28560,0
28561,3
28562,0
28563,0
28564,3
28565,0
28566,0
28567,3
28568,0
28569,0
28570,3
28571,0
28572,0
28573,3
28574,0
28575,0
28576,3
28577,0
28578,0
28579,3
28580,0
28581,0
28582,3
28583,0
28584,0
28585,3
28586,0
28587,0
28588,3
28589,0
28590,0
28591,3
28592,0
28593,0
28594,3
28595,0
28596,0
28597,3
28598,0
28599,0
28600,3
28601,0
28602,0
28603,3
28604,0
28605,0
28606,3
28607,0
28608,0
28609,3
28610,0
28611,0
28612,3
28613,0
28614,0
28615,3
28616,0
28617,0
28618,3
28619,0
28620,0
28621,3
28622,0
28623,0
28624,3
28625,0
28626,0
28627,3
28628,0
28629,0
28630,3
28631,0
28632,0
28633,3
28634,0
28635,0
28636,3
28637,0
28638,0
28639,3
28640,0
28641,0
28642,3
28643,0
28644,0
28645,3
28646,0
28647,0
28648,3
28649,0
28650,0
28651,3
28652,0
28653,0
28654,3
28655,0
28656,0
28657,3
28658,0
28659,0
28660,3
28661,0
28662,0
28663,3
28664,0
28665,0
28666,3
28667,0
28668,0
28669,3
28670,0
28671,0
28672,3
28673,0
28674,0
28675,3
28676,0
28677,0
28678,3
28679,0
28680,0
28681,3
28682,0
28683,0
28684,3
28685,0
28686,0
28687,3
28688,0
28689,0
28690,3
28691,0
28692,0
28693,3
28694,0
28695,0
28696,3
28697,0
28698,0
28699,3
28700,0
28701,0
28702,3
28703,0
28704,0
28705,3
28706,0
28707,0
28708,3
28709,0
28710,0
28711,3
28712,0
28713,0
28714,3
28715,0
28716,0
28717,3
28718,0
28719,0
28720,3
28721,0
28722,0
28723,3
28724,0
28725,0
28726,3
28727,0
28728,0
28729,3
28730,0
28731,0
28732,3
28733,0
28734,0
28735,3
28736,0
28737,0
28738,3
28739,0
28740,0
28741,3
28742,0
28743,0
28744,3
28745,0
28746,0
28747,3
28748,0
28749,0
28750,3
28751,0
28752,0
28753,3
28754,0
28755,0
28756,3
28757,0
28758,0
28759,3
28760,0
28761,0
28762,3
28763,0
28764,0
28765,3
28766,0
28767,0
28768,3
28769,0
28770,0
28771,3
28772,0
28773,0
28774,3
28775,0
28776,0
28777,3
28778,0
28779,0
28780,3
28781,0
28782,0
28783,3
28784,0
28785,0
28786,3
28787,0
28788,0
28789,3
28790,0
28791,0
28792,3
28793,0
28794,0
28795,3
28796,0
28797,0
28798,3
28799,0
28800,0
28801,3
28802,0
28803,0
28804,3
28805,0
28806,0
28807,3
28808,0
28809,0
28810,3
28811,0
28812,0
28813,3
28814,0
28815,0
28816,3
28817,0
28818,0
28819,3
28820,0
28821,0
28822,3
28823,0
28824,0
28825,3
28826,0
28827,0
28828,3
28829,0
28830,0
28831,3
28832,0
28833,0
28834,3
28835,0
28836,0
28837,3
28838,0
28839,0
28840,3
28841,0
28842,0
28843,3
28844,0
28845,0
28846,3
28847,0
28848,0
28849,3
28850,0
28851,0
28852,3
28853,0
28854,0
28855,3
28856,0
28857,0
28858,3
28859,0
28860,0
28861,3
28862,0
28863,0
28864,3
28865,0
28866,0
28867,3
28868,0
28869,0
28870,3
28871,0
28872,0
28873,3
28874,0
28875,0
28876,3
28877,0
28878,0
28879,3
28880,0
28881,0
28882,3
28883,0
28884,0
28885,3
28886,0
28887,0
28888,3
28889,0
28890,0
28891,3
28892,0
28893,0
28894,3
28895,0
28896,0
28897,3
28898,0
28899,0
28900,3
28901,0
28902,0
28903,3
28904,0
28905,0
28906,3
28907,0
28908,0
28909,3
28910,0
28911,0
28912,3
28913,0
28914,0
28915,3
28916,0
28917,0
28918,3
28919,0
28920,0
28921,3
28922,0
28923,0
28924,3
28925,0
28926,0
28927,3
28928,0
28929,0
28930,3
28931,0
28932,0
28933,3
28934,0
28935,0
28936,3
28937,0
28938,0
28939,3
28940,0
28941,0
28942,3
28943,0
28944,0
28945,3
28946,0
28947,0
28948,3
28949,0
28950,0
28951,3
28952,0
28953,0
28954,3
28955,0
28956,0
28957,3
28958,0
28959,0
28960,3
28961,0
28962,0
28963,3
28964,0
28965,0
28966,3
28967,0
28968,0
28969,3
28970,0
28971,0
28972,3
28973,0
28974,0
28975,3
28976,0
28977,0
28978,3
28979,0
28980,0
28981,3
28982,0
28983,0
28984,3
28985,0
28986,0
28987,3
28988,0
28989,0
28990,3
28991,0
28992,0
28993,3
28994,0
28995,0
28996,3
28997,0
28998,0
28999,3
29000,0
29001,0
29002,3
29003,0
29004,0
29005,3
29006,0
29007,0
29008,3
29009,0
29010,0
29011,3
29012,0
29013,0
29014,3
29015,0
29016,0
29017,3
29018,0
29019,0
29020,3
29021,0
29022,0
29023,3
29024,0
29025,0
29026,3
29027,0
29028,0
29029,3
29030,0
29031,0
29032,3
29033,0
29034,0
29035,3
29036,0
29037,0
29038,3
29039,0
29040,0
29041,3
29042,0
29043,0
29044,3
29045,0
29046,0
29047,3
29048,0
29049,0
29050,3
29051,0
29052,0
29053,3
29054,0
29055,0
29056,3
29057,0
29058,0
29059,3
29060,0
29061,0
29062,3
29063,0
29064,0
29065,3
29066,0
29067,0
29068,3
29069,0
29070,0
29071,3
29072,0
29073,0
29074,3
29075,0
29076,0
29077,3
29078,0
29079,0
29080,3
29081,0
29082,0
29083,3
29084,0
29085,0
29086,3
29087,0
29088,0
29089,3
29090,0
29091,0
29092,3
29093,0
29094,0
29095,3
29096,0
29097,0
29098,3
29099,0
29100,0
29101,3
29102,0
29103,0
29104,3
29105,0
29106,0
29107,3
29108,0
29109,0
29110,3
29111,0
29112,0
29113,3
29114,0
29115,0
29116,3
29117,0
29118,0
29119,3
29120,0
29121,0
29122,3
29123,0
29124,0
29125,3
29126,0
29127,0
29128,3
29129,0
29130,0
29131,3
29132,0
29133,0
29134,3
29135,0
29136,0
29137,3
29138,0
29139,0
29140,3
29141,0
29142,0
29143,3
29144,0
29145,0
29146,3
29147,0
29148,0
29149,3
29150,0
29151,0
29152,3
29153,0
29154,0
29155,3
29156,0
29157,0
29158,3
29159,0
29160,0
29161,3
29162,0
29163,0
29164,3
29165,0
29166,0
29167,3
29168,0
29169,0
29170,3
29171,0
29172,0
29173,3
29174,0
29175,0
29176,3
29177,0
29178,0
29179,3
29180,0
29181,0
29182,3
29183,0
29184,0
29185,3
29186,0
29187,0
29188,3
29189,0
29190,0
29191,3
29192,0
29193,0
29194,3
29195,0
29196,0
29197,3
29198,0
29199,0
29200,3
29201,0
29202,0
29203,3
29204,0
29205,0
29206,3
29207,0
29208,0
29209,3
29210,0
29211,0
29212,3
29213,0
29214,0
29215,3
29216,0
29217,0
29218,3
29219,0
29220,0
29221,3
29222,0
29223,0
29224,3
29225,0
29226,0
29227,3
29228,0
29229,0
29230,3
29231,0
29232,0
29233,3
29234,0
29235,0
29236,3
29237,0
29238,0
29239,3
29240,0
29241,0
29242,3
29243,0
29244,0
29245,3
29246,0
29247,0
29248,3
29249,0
29250,0
29251,3
29252,0
29253,0
29254,3
29255,0
29256,0
29257,3
29258,0
29259,0
29260,3
29261,0
29262,0
29263,3
29264,0
29265,0
29266,3
29267,0
29268,0
29269,3
29270,0
29271,0
29272,3
29273,0
29274,0
29275,3
29276,0
29277,0
29278,3
29279,0
29280,0
29281,3
29282,0
29283,0
29284,3
29285,0
29286,0
29287,3
29288,0
29289,0
29290,3
29291,0
29292,0
29293,3
29294,0
29295,0
29296,3
29297,0
29298,0
29299,3
29300,0
29301,0
29302,3
29303,0
29304,0
29305,3
29306,0
29307,0
29308,3
29309,0
29310,0
29311,3
29312,0
29313,0
29314,3
29315,0
29316,0
29317,3
29318,0
29319,0
29320,3
29321,0
29322,0
29323,3
29324,0
29325,0
29326,3
29327,0
29328,0
29329,3
29330,0
29331,0
29332,3
29333,0
29334,0
29335,3
29336,0
29337,0
29338,3
29339,0
29340,0
29341,3
29342,0
29343,0
29344,3
29345,0
29346,0
29347,3
29348,0
29349,0
29350,3
29351,0
29352,0
29353,3
29354,0
29355,0
29356,3
29357,0
29358,0
29359,3
29360,0
29361,0
29362,3
29363,0
29364,0
29365,3
29366,0
29367,0
29368,3
29369,0
29370,0
29371,3
29372,0
29373,0
29374,3
29375,0
29376,0
29377,3
29378,0
29379,0
29380,3
29381,0
29382,0
29383,3
29384,0
29385,0
29386,3
29387,0
29388,0
29389,3
29390,0
29391,0
29392,3
29393,0
29394,0
29395,3
29396,0
29397,0
29398,3
29399,0
29400,0
29401,3
29402,0
29403,0
29404,3
29405,0
29406,0
29407,3
29408,0
29409,0
29410,3
29411,0
29412,0
29413,3
29414,0
29415,0
29416,3
29417,0
29418,0
29419,3
29420,0
29421,0
29422,3
29423,0
29424,0
29425,3
29426,0
29427,0
29428,3
29429,0
29430,0
29431,3
29432,0
29433,0
29434,3
29435,0
29436,0
29437,3
29438,0
29439,0
29440,3
29441,0
29442,0
29443,3
29444,0
29445,0
29446,3
29447,0
29448,0
29449,3
29450,0
29451,0
29452,3
29453,0
29454,0
29455,3
29456,0
29457,0
29458,3
29459,0
29460,0
29461,3
29462,0
29463,0
29464,3
29465,0
29466,0
29467,3
29468,0
29469,0
29470,3
29471,0
29472,0
29473,3
29474,0
29475,0
29476,3
29477,0
29478,0
29479,3
29480,0
29481,0
29482,3
29483,0
29484,0
29485,3
29486,0
29487,0
29488,3
29489,0
29490,0
29491,3
29492,0
29493,0
29494,3
29495,0
29496,0
29497,3
29498,0
29499,0
29500,3
29501,0
29502,0
29503,3
29504,0
29505,0
29506,3
29507,0
29508,0
29509,3
29510,0
29511,0
29512,3
29513,0
29514,0
29515,3
29516,0
29517,0
29518,3
29519,0
29520,0
29521,3
29522,0
29523,0
29524,3
29525,0
29526,0
29527,3
29528,0
29529,0
29530,3
29531,0
29532,0
29533,3
29534,0
29535,0
29536,3
29537,0
29538,0
29539,3
29540,0
29541,0
29542,3
29543,0
29544,0
29545,3
29546,0
29547,0
29548,3
29549,0
29550,0
29551,3
29552,0
29553,0
29554,3
29555,0
29556,0
29557,3
29558,0
29559,0
29560,3
29561,0
29562,0
29563,3
29564,0
29565,0
29566,3
29567,0
29568,0
29569,3
29570,0
29571,0
29572,3
29573,0
29574,0
29575,3
29576,0
29577,0
29578,3
29579,0
29580,0
29581,3
29582,0
29583,0
29584,3
29585,0
29586,0
29587,3
29588,0
29589,0
29590,3
29591,0
29592,0
29593,3
29594,0
29595,0
29596,3
29597,0
29598,0
29599,3
29600,0
29601,0
29602,3
29603,0
29604,0
29605,3
29606,0
29607,0
29608,3
29609,0
29610,0
29611,3
29612,0
29613,0
29614,3
29615,0
29616,0
29617,3
29618,0
29619,0
29620,3
29621,0
29622,0
29623,3
29624,0
29625,0
29626,3
29627,0
29628,0
29629,3
29630,0
29631,0
29632,3
29633,0
29634,0
29635,3
29636,0
29637,0
29638,3
29639,0
29640,0
29641,3
29642,0
29643,0
29644,3
29645,0
29646,0
29647,3
29648,0
29649,0
29650,3
29651,0
29652,0
29653,3
29654,0
29655,0
29656,3
29657,0
29658,0
29659,3
29660,0
29661,0
29662,3
29663,0
29664,0
29665,3
29666,0
29667,0
29668,3
29669,0
29670,0
29671,3
29672,0
29673,0
29674,3
29675,0
29676,0
29677,3
29678,0
29679,0
29680,3
29681,0
29682,0
29683,3
29684,0
29685,0
29686,3
29687,0
29688,0
29689,3
29690,0
29691,0
29692,3
29693,0
29694,0
29695,3
29696,0
29697,0
29698,3
29699,0
29700,0
29701,3
29702,0
29703,0
29704,3
29705,0
29706,0
29707,3
29708,0
29709,0
29710,3
29711,0
29712,0
29713,3
29714,0
29715,0
29716,3
29717,0
29718,0
29719,3
29720,0
29721,0
29722,3
29723,0
29724,0
29725,3
29726,0
29727,0
29728,3
29729,0
29730,0
29731,3
29732,0
29733,0
29734,3
29735,0
29736,0
29737,3
29738,0
29739,0
29740,3
29741,0
29742,0
29743,3
29744,0
29745,0
29746,3
29747,0
29748,0
29749,3
29750,0
29751,0
29752,3
29753,0
29754,0
29755,3
29756,0
29757,0
29758,3
29759,0
29760,0
29761,3
29762,0
29763,0
29764,3
29765,0
29766,0
29767,3
29768,0
29769,0
29770,3
29771,0
29772,0
29773,3
29774,0
29775,0
29776,3
29777,0
29778,0
29779,3
29780,0
29781,0
29782,3
29783,0
29784,0
29785,3
29786,0
29787,0
29788,3
29789,0
29790,0
29791,3
29792,0
29793,0
29794,3
29795,0
29796,0
29797,3
29798,0
29799,0
29800,3
29801,0
29802,0
29803,3
29804,0
29805,0
29806,3
29807,0
29808,0
29809,3
29810,0
29811,0
29812,3
29813,0
29814,0
29815,3
29816,0
29817,0
29818,3
29819,0
29820,0
29821,3
29822,0
29823,0
29824,3
29825,0
29826,0
29827,3
29828,0
29829,0
29830,3
29831,0
29832,0
29833,3
29834,0
29835,0
29836,3
29837,0
29838,0
29839,3
29840,0
29841,0
29842,3
29843,0
29844,0
29845,3
29846,0
29847,0
29848,3
29849,0
29850,0
29851,3
29852,0
29853,0
29854,3
29855,0
29856,0
29857,3
29858,0
29859,0
29860,3
29861,0
29862,0
29863,3
29864,0
29865,0
29866,3
29867,0
29868,0
29869,3
29870,0
29871,0
29872,3
29873,0
29874,0
29875,3
29876,0
29877,0
29878,3
29879,0
29880,0
29881,3
29882,0
29883,0
29884,3
29885,0
29886,0
29887,3
29888,0
29889,0
29890,3
29891,0
29892,0
29893,3
29894,0
29895,0
29896,3
29897,0
29898,0
29899,3
29900,0
29901,0
29902,3
29903,0
29904,0
29905,3
29906,0
29907,0
29908,3
29909,0
29910,0
29911,3
29912,0
29913,0
29914,3
29915,0
29916,0
29917,3
29918,0
